"","Operator","count","Fatal","Ratio"
"1","Aeroflot",179,7156,0.806764374295378
"2","Air France",67,1729,0.601600556715379
"3","Deutsche Lufthansa",65,396,0.776470588235294
"4","Air Taxi",44,161,0.914772727272727
"5","United Air Lines",44,1021,0.415040650406504
"6","Pan American World Airways",40,1301,0.462660028449502
"7","China National Aviation Corporation",37,322,0.86096256684492
"8","American Airlines",36,1421,0.688802714493456
"9","US Aerial Mail Service",36,40,0.930232558139535
"10","Indian Airlines",34,863,0.593943565037853
"11","Philippine Air Lines",33,455,0.265771028037383
"12","KLM Royal Dutch Airlines",32,615,0.822192513368984
"13","Private",31,123,0.866197183098592
"14","Aeropostale",26,52,0.88135593220339
"15","British Overseas Airways",25,506,0.66754617414248
"16","Eastern Air Lines",25,710,0.522058823529412
"17","Northwest Orient Airlines",25,531,0.816923076923077
"18","AVIANCA",24,941,0.881911902530459
"19","Sabena",24,401,0.815040650406504
"20","Imperial Airways",22,185,0.680147058823529
"21","Garuda Indonesia Airlines",19,574,0.476744186046512
"22","British European Airways",18,512,0.881239242685026
"23","Trans Continental and Western Air",18,142,0.775956284153005
"24","VASP",18,378,0.573596358118361
"25","Trans World Airlines",17,784,0.49714648065948
"26","Ceskoslovenske Aerolinie",16,516,0.840390879478827
"27","Merpati Nusantara Airlines",16,268,0.708994708994709
"28","Varig",16,417,0.642526964560863
"29","Cubana de Aviacion",15,486,0.837931034482759
"30","Linea Aeropostal Venezolana",15,313,0.841397849462366
"31","Pakistan International Airlines",15,693,0.877215189873418
"32","China Airlines (Taiwan)",14,847,0.532704402515723
"33","Cruzeiro",14,213,0.676190476190476
"34","Turkish Airlines (THY)",14,891,0.924273858921162
"35","Ethiopian Airlines",13,223,0.547911547911548
"36","Qantas",13,89,0.717741935483871
"37","Aerolineas Argentinas",12,340,0.772727272727273
"38","Delta Air Lines",12,299,0.517301038062284
"39","Iberia Airlines",12,483,0.909604519774011
"40","LOT Polish Airlines",12,417,0.834
"41","Panair do Brasil",12,266,0.917241379310345
"42","Tarom",12,194,0.518716577540107
"43","Air America",11,116,0.720496894409938
"44","Air Vietnam (South Vietnam)",11,434,0.842718446601942
"45","Burma Airways",11,250,0.819672131147541
"46","Commercial Air Taxi",11,33,0.970588235294118
"47","Flying Tiger Line",11,174,0.756521739130435
"48","Mexicana",11,290,0.714285714285714
"49","SATENA",11,201,0.934883720930233
"50","Swissair",11,411,0.730017761989343
"51","Air India",10,827,0.892125134843581
"52","Braniff Airlines",10,216,0.821292775665399
"53","Canadian PacifiAir Lines",10,234,0.659154929577465
"54","Faucett",10,213,0.930131004366812
"55","Grands Express Aeriens",10,24,1
"56","Korean Airlines",10,713,0.492063492063492
"57","TACA",10,95,0.590062111801242
"58","United Arab Airlines",10,337,0.985380116959064
"59","Air Union",9,17,0.80952380952381
"60","Alaska Airlines",9,231,0.767441860465116
"61","American Airways",9,34,0.944444444444444
"62","Ariana Afghan Airlines",9,254,0.673740053050398
"63","Aviaco",9,200,0.881057268722467
"64","Balkan Bulgarian Airlines",9,346,0.625678119349005
"65","EgyptAir",9,406,0.812
"66","Japan Air Lines",9,764,0.69835466179159
"67","Lloyd Aereo Boliviano",9,281,1
"68","National Air Transport",9,10,1
"69","Western Airlines",9,135,0.625
"70","Alitalia",8,458,0.916
"71","British Airways",8,13,0.0254901960784314
"72","CAAC",8,251,0.489278752436647
"73","Capital Airlines",8,187,0.434883720930233
"74","Continental Airlines",8,83,0.124624624624625
"75","JAT Yugoslav Airlines",8,136,0.727272727272727
"76","Kalinga Airlines",8,43,0.977272727272727
"77","National Airlines",8,164,0.396135265700483
"78","REAL",8,145,0.674418604651163
"79","Royal Nepal Airlines",8,102,0.662337662337662
"80","TAM (Bolivia)",8,156,0.962962962962963
"81","Varney Air Lines",8,11,1
"82","Australian National Airways",7,78,0.795918367346939
"83","Avensa",7,93,0.699248120300752
"84","Malev Hungarian Airlines",7,227,0.897233201581028
"85","Misrair",7,78,0.757281553398058
"86","Talair",7,56,0.64367816091954
"87","TAME",7,306,0.974522292993631
"88","Thai Airways",7,358,0.809954751131222
"89","Trans Canada Air Lines",7,212,0.806083650190114
"90","Air Canada",6,138,0.388732394366197
"91","All Nippon Airways",6,224,0.290909090909091
"92","Allegheny Airlines",6,87,0.416267942583732
"93","Aviateca",6,145,0.792349726775956
"94","Boeing Air Transport",6,6,0.666666666666667
"95","British South American Airways",6,95,0.805084745762712
"96","CIDNA",6,17,0.944444444444444
"97","Colonial Air Transport",6,9,0.391304347826087
"98","Far Eastern Air Transport",6,208,0.709897610921502
"99","Fuerza Aí©rea del Peru",6,244,0.841379310344828
"100","Iran Air",6,343,0.812796208530806
"101","LAN",6,156,0.652719665271967
"102","PacifiAir Transport",6,14,0.875
"103","Pelita Air Service",6,67,0.827160493827161
"104","Saudi Arabian Airlines",6,349,0.5453125
"105","Scandinavian Airlines (SAS)",6,116,0.256637168141593
"106","Slick Airways",6,16,0.761904761904762
"107","South African Airways",6,336,0.971098265895954
"108","Spantax",6,247,0.410981697171381
"109","TAM (Brazil)",6,310,0.635245901639344
"110","Aero Transporti Italiani",5,114,0.76510067114094
"111","Aeronaves de Mexico",5,76,0.424581005586592
"112","Aigle Azur",5,110,0.94017094017094
"113","Air Algerie",5,187,0.91219512195122
"114","Air Orient",5,17,0.739130434782609
"115","Austral Lineas Aeras (Argentina)",5,224,0.868217054263566
"116","Cathay PacifiAirways",5,140,0.509090909090909
"117","Civil Air Transport",5,152,0.684684684684685
"118","Dirgantara Air Services",5,46,0.793103448275862
"119","Formosa Airlines",5,53,0.815384615384615
"120","LANSA",5,141,0.992957746478873
"121","Linee Aeree Italiane",5,107,0.93859649122807
"122","Lufthansa",5,146,0.463492063492064
"123","MIAT - Mongolian Airlines",5,147,0.96078431372549
"124","New Zealand National Airways",5,56,0.691358024691358
"125","Northeast Airlines",5,91,0.4375
"126","PacifiWestern Airlines",5,59,0.728395061728395
"127","Pan American Airways",5,33,0.55
"128","Sudan Airways",5,223,0.507972665148064
"129","Syndicato Condor",5,36,0.818181818181818
"130","TAAG Angola Airlines",5,157,0.670940170940171
"131","Taxi Aereo el Venado",5,128,0.992248062015504
"132","Transocean Air Lines",5,106,0.576086956521739
"133","Aero O-Y",4,27,1
"134","Aeromexico",4,75,0.376884422110553
"135","Aerosucre Colombia",4,16,0.470588235294118
"136","Air taxi",4,21,1
"137","Alia Royal Jordanian Airlines",4,463,0.911417322834646
"138","American Eagle",4,90,0.909090909090909
"139","Ameriflight",4,5,1
"140","Ansett ANA",4,69,0.985714285714286
"141","Austin Airways",4,19,0.791666666666667
"142","Bali International Air Service",4,55,0.808823529411765
"143","Cameroon Airlines",4,78,0.294339622641509
"144","Central Mountain Air Services",4,22,0.956521739130435
"145","China Eastern Airlines",4,91,0.208237986270023
"146","Dan Air Services",4,278,0.902597402597403
"147","Deccan Airways",4,31,0.688888888888889
"148","Devlet Hava Yollari",4,39,0.639344262295082
"149","Fuerza Aí©rea Argentina",4,73,0.695238095238095
"150","Interflug",4,212,0.677316293929712
"151","Itavia",4,141,0.972413793103448
"152","Las Vegas Airlines",4,33,0.942857142857143
"153","Latecoere Airlines",4,22,1
"154","Loganair",4,8,0.347826086956522
"155","Middle East Airlines",4,140,1
"156","Mohawk Airlines",4,71,0.510791366906475
"157","Myanmar Airways",4,76,0.520547945205479
"158","Nigeria Airways",4,167,0.531847133757962
"159","OlympiAirways",4,195,0.924170616113744
"160","Pan American Grace Airways",4,23,1
"161","Pennsylvania Central Airlines",4,98,0.924528301886792
"162","Petroleum Helicopter",4,49,0.96078431372549
"163","SAETA",4,169,0.994117647058824
"164","TABA",4,86,0.735042735042735
"165","Taiwan Airlines",4,29,0.878787878787879
"166","Trans Mediterranean Airways",4,20,1
"167","Union of Burma Airways",4,47,0.854545454545454
"168","USAir",4,198,0.653465346534653
"169","Wideroe's Flyveselksap",4,63,0.828947368421053
"170","Zantop Air Transport",4,13,1
"171","Aaxico Airlines",3,9,1
"172","AB Aerotransport",3,58,0.90625
"173","ACES Colombia",3,40,0.975609756097561
"174","Aer Lingus",3,87,1
"175","Aeroflot / Aeroflot",3,279,1
"176","Aerolineas TAO",3,94,0.979166666666667
"177","Aeronica",3,31,0.911764705882353
"178","Aeropesca Colombia",3,79,1
"179","Aerotaca",3,13,0.448275862068966
"180","Aerovias Brasil",3,60,0.967741935483871
"181","Air Inter",3,167,0.907608695652174
"182","Air Littoral",3,21,0.567567567567568
"183","Air Logistics",3,18,0.857142857142857
"184","Air Madagascar",3,67,0.917808219178082
"185","Air Manila",3,61,0.7625
"186","Air New Zealand",3,261,0.981203007518797
"187","Ala Littoria",3,48,1
"188","Ameristar Jet Charter",3,5,0.833333333333333
"189","AtlantiSoutheast Airlines",3,38,0.666666666666667
"190","Autrex",3,12,0.444444444444444
"191","Aviation Charter - Air Taxi",3,12,1
"192","Avio Linee Italiane",3,46,0.92
"193","Azerbaijan Airlines",3,31,0.885714285714286
"194","Bakhtar Afghan Airlines",3,76,0.835164835164835
"195","BOAC",3,25,0.78125
"196","Bradley Air Services",3,13,1
"197","Cambodia Air",3,39,0.661016949152542
"198","Central African Airways",3,50,0.537634408602151
"199","Comair",3,86,0.988505747126437
"200","Continental Air Lines",3,5,1
"201","Douglas Airways",3,26,0.8125
"202","Eagle Air",3,10,1
"203","Eagle Aviation",3,40,0.666666666666667
"204","El Al",3,68,0.985507246376812
"205","Flota Aí©rea Mercante Argentina",3,12,0.235294117647059
"206","Guinea Airways",3,7,0.875
"207","Holyman Airways",3,18,1
"208","Icelandair",3,40,0.606060606060606
"209","Indamer",3,14,1
"210","Kenai Air Service - Air Taxi",3,8,1
"211","Lanica",3,20,0.555555555555556
"212","Lignes Aeriennes Latecoere",3,5,1
"213","Lloyd Aí©reo Boliviano",3,8,0.228571428571429
"214","Loide Aí©reo Nacional",3,18,0.225
"215","MAP",3,27,1
"216","Maritime Central Airways",3,85,1
"217","Milne Bay Air",3,36,0.8
"218","Missionary Aviation Fellowship",3,36,0.507042253521127
"219","New York Airways",3,12,0.315789473684211
"220","Nordeste Linhas Aí©reas",3,16,0.8
"221","PacifiCoastal Airlines",3,14,0.666666666666667
"222","Philippine Aerotransport",3,20,0.769230769230769
"223","Piedmont Airlines",3,64,0.955223880597015
"224","Prinair",3,32,0.533333333333333
"225","Sahsa Airlines",3,21,0.291666666666667
"226","SANSA",3,36,0.878048780487805
"227","SceniAir Tours",3,23,1
"228","Scottish Airlines",3,56,0.518518518518518
"229","SELVA",3,19,1
"230","Somali Airlines",3,85,0.772727272727273
"231","Sterling Airways",3,137,0.628440366972477
"232","Tajikistan Airlines",3,207,0.976415094339623
"233","TAM Lineas Aí©reas Regional",3,43,0.843137254901961
"234","Trans Australia Airlines",3,39,0.928571428571429
"235","Transair Georgia Airlines",3,134,0.708994708994709
"236","Transamerica Airlines",3,11,1
"237","Transbrasil",3,67,0.930555555555556
"238","Trigana Air Service",3,22,1
"239","Union Aeromaritime de Transport",3,17,0.2
"240","Union des Transportes Aeriens",3,263,0.992452830188679
"241","West Coast Airlines",3,25,1
"242","Western Air Express",3,15,0.652173913043478
"243","Wiggins Airways",3,4,1
"244","World Airways",3,88,0.282051282051282
"245","Yeti Airlines",3,30,0.967741935483871
"246","A B Aerotransport",2,3,0.176470588235294
"247","ADC Airlines",2,97,0.60625
"248","Aden Airways",2,45,1
"249","ADES Colombia",2,22,0.956521739130435
"250","Adventure Airlines",2,18,1
"251","Aerocaribe",2,20,0.512820512820513
"252","Aerolift",2,16,1
"253","Aerolineas Abaroa",2,21,1
"254","Aerolineas Centrales de Colombia",2,45,1
"255","Aerolineas Flecha Austral",2,8,1
"256","Aeronorte Colombia",2,6,1
"257","Aeroperlas",2,30,0.9375
"258","Aeroperu",2,76,1
"259","Aerovias Contreras",2,23,1
"260","Aerovias de Guatemala SA",2,100,1
"261","Agencia Interamericana de Aviada",2,20,0.714285714285714
"262","Air Afrique",2,56,0.256880733944954
"263","Air Atlas",2,9,0.642857142857143
"264","Air Carriers",2,12,1
"265","Air Charter",2,14,0.777777777777778
"266","Air Congo",2,23,0.741935483870968
"267","Air Express",2,6,1
"268","Air Fiordland",2,11,1
"269","Air Freight New Zealand",2,5,1
"270","Air Guadeloupe",2,28,0.848484848484849
"271","Air Laos",2,43,0.914893617021277
"272","Air Mali",2,57,0.982758620689655
"273","Air Manitoba",2,9,1
"274","Air Nautic",2,65,1
"275","Air Rhodesia",2,97,0.843478260869565
"276","Air Taxi - Basco Flying Service Inc.",2,7,0.777777777777778
"277","Air Transport",2,33,0.868421052631579
"278","Airborne Express",2,8,1
"279","AIRES Colombia",2,27,1
"280","Airfast Indonesia",2,17,0.85
"281","Airfast Services",2,37,1
"282","Airlink",2,28,1
"283","AirNow",2,2,1
"284","Airwork",2,9,0.152542372881356
"285","Alyemda",2,67,0.957142857142857
"286","Antilles Air",2,7,0.35
"287","AREA",2,69,1
"288","Associated Airways",2,3,0.75
"289","ATI",2,6,0.857142857142857
"290","Avianca",2,4,1
"291","Azerbaijani Airlines",2,74,0.725490196078431
"292","Baron Aviation",2,2,1
"293","Big Island Airlines",2,11,0.578947368421053
"294","Boeing Aircraft Company",2,18,1
"295","Bouraq Indonesia Airlines",2,54,0.666666666666667
"296","Braathens",2,42,0.736842105263158
"297","Braniff Airways",2,8,0.666666666666667
"298","Bristow Helicopters",2,12,0.6
"299","British Eagle International Airlines",2,131,1
"300","British Midland Airways",2,119,0.566666666666667
"301","Capitol Air Service - Air Taxi",2,4,0.8
"302","Capitol Airways",2,4,1
"303","Cascade Airways",2,9,0.818181818181818
"304","Central Air Transport",2,22,0.247191011235955
"305","Ceskoslovenskí© Aerolinie",2,9,1
"306","Channel Flying Service - Air Taxi",2,7,1
"307","Chartair - Air Taxi",2,10,1
"308","Chicago Southern Airlines",2,24,1
"309","China Northern Airlines",2,124,0.579439252336449
"310","China Northwest Airlines",2,215,0.787545787545788
"311","China Southern Airlines",2,176,0.818604651162791
"312","China Southwest Airlines",2,169,1
"313","Colonial Western Airlines",2,17,0.944444444444444
"314","CORAL Colombia",2,14,0.482758620689655
"315","Cordova Airlines",2,10,0.909090909090909
"316","Crossair",2,34,0.790697674418605
"317","Cruzeiro do Sul",2,11,0.392857142857143
"318","Cubana de Aviacon",2,17,0.0484330484330484
"319","Deruluft",2,20,1
"320","Djibouti Airlines",2,5,0.384615384615385
"321","Downeast Airlines",2,20,0.769230769230769
"322","DTA Angola Airlines",2,31,0.911764705882353
"323","East African Airways",2,63,0.496062992125984
"324","Eastern Air Transport",2,3,1
"325","Eastern Provincial Airways",2,9,0.642857142857143
"326","Emery Worldwide",2,5,1
"327","Empire Airlines",2,2,1
"328","Evergreen Helicopter - Air Taxi",2,7,1
"329","Executive Air - Air Taxi",2,10,1
"330","Expresso Aí©reo",2,32,0.432432432432432
"331","Federal Express",2,2,1
"332","FedEx",2,3,1
"333","Finnair",2,47,0.959183673469388
"334","Frontier Airlines",2,7,1
"335","Frontier Flying Service - Air Taxi",2,7,1
"336","Galena Air Service - Air Taxi",2,6,0.75
"337","Gay Airways - Air Taxi",2,4,0.5
"338","General Airways",2,4,0.137931034482759
"339","GP Express Airlines",2,5,0.625
"340","Grand Canyon Airlines",2,16,0.592592592592593
"341","Gulf Air",2,255,1
"342","Haí¿ti Air Inter",2,19,1
"343","Hageland Aviation Services",2,13,1
"344","Handley Page Transport",2,9,0.692307692307692
"345","Hunting Air Travel",2,33,0.523809523809524
"346","Indian National Airlines",2,41,1
"347","Iran Air Tours",2,146,0.550943396226415
"348","Iraqi Airways",2,193,0.817796610169492
"349","Island Air",2,13,0.764705882352941
"350","Island Airways",2,4,0.285714285714286
"351","Jamair",2,20,0.645161290322581
"352","Jett Paqueteria SA",2,5,1
"353","Juba Air Cargo",2,7,0.583333333333333
"354","Kamchatavia",2,11,0.423076923076923
"355","Karibu Airways",2,2,0.0645161290322581
"356","Kenn Borek Air",2,10,0.833333333333333
"357","Kenya Airways",2,283,0.965870307167236
"358","KNILM",2,16,0.761904761904762
"359","Kodiak Airways",2,6,0.6
"360","Korean Air",2,7,1
"361","LAC Colombia",2,11,0.733333333333333
"362","LADE",2,11,0.785714285714286
"363","Lao Aviation",2,26,0.742857142857143
"364","LARES",2,29,0.878787878787879
"365","Lineas Aí©reas La Urraca",2,18,0.642857142857143
"366","Lineas Aí©reas Nacionales",2,27,1
"367","Lineas Aereas Nacionales SA (Peru)",2,190,0.989583333333333
"368","Loftleidir IcelandiAirlines",2,188,0.704119850187266
"369","Loide Aereo Nacional",2,46,0.901960784313726
"370","Los Angeles Airways",2,44,1
"371","Malaysia Airlines",2,134,0.875816993464052
"372","Malu Aviation",2,8,0.25
"373","Mandala Airlines",2,169,0.903743315508021
"374","Martinair Holland NV",2,247,0.465160075329567
"375","Merpati Nasantara Airlines",2,18,0.9
"376","Miami Airlines",2,63,0.777777777777778
"377","MK Airlines",2,8,0.4
"378","Mountain Air Cargo",2,2,1
"379","Munz Northern Airlines",2,4,0.8
"380","Necon Air",2,19,0.703703703703704
"381","New Tribes Mission",2,36,1
"382","Nile Safaris Aviation",2,14,1
"383","Nordair",2,6,1
"384","Northeast Jet",2,3,0.75
"385","Norwegian Airlines",2,54,0.675
"386","Orient Airways",2,17,0.414634146341463
"387","PacifiAir Lines",2,45,0.714285714285714
"388","PacifiSouthwest Airlines",2,46,0.356589147286822
"389","Pan African Air Charter",2,42,1
"390","Pan American Grace Airlines",2,17,0.566666666666667
"391","Panagra",2,14,0.736842105263158
"392","Paraense Transportes Aí©reos",2,17,1
"393","PenAir",2,12,1
"394","Piedmont Airlines / Private",2,86,0.682539682539683
"395","Pilgrim Airlines",2,6,0.352941176470588
"396","Pioneer Airlines",2,11,1
"397","Polynesian Airlines",2,35,0.945945945945946
"398","Private charter",2,8,1
"399","Private Charter",2,9,1
"400","Provincetown - Boston Airlines",2,14,0.736842105263158
"401","Quebecair",2,21,0.5
"402","Queen Charlotte Airlines",2,37,0.902439024390244
"403","Queensland Airlines",2,18,1
"404","Rapid Air Transport",2,7,1
"405","Regina Cargo Airlines",2,22,0.956521739130435
"406","Riddle Airlines",2,4,1
"407","Royal Air Lao",2,60,1
"408","Royal Air Maroc",2,105,0.833333333333333
"409","Ryan Air Services",2,26,0.896551724137931
"410","Sabah Air",2,22,1
"411","Sabang Merauke Raya Air Charter",2,11,0.458333333333333
"412","Saha Airline Services",2,42,0.201923076923077
"413","Sakha Airlines",2,37,1
"414","Salair",2,4,1
"415","SAM Colombia",2,178,1
"416","Sasco Air Lines",2,24,1
"417","SATA",2,71,0.771739130434783
"418","SATCO",2,7,0.241379310344828
"419","Saturn Airways",2,6,1
"420","Savanair",2,7,0.291666666666667
"421","SAVCO",2,13,1
"422","SCADTA",2,5,1
"423","SceniAirlines",2,17,1
"424","Scibe Airlift Cargo Zaire",2,39,1
"425","Service Air",2,10,1
"426","Servivensa",2,8,0.222222222222222
"427","Sibir Airlines",2,124,1
"428","Singapore Airlines",2,85,0.469613259668508
"429","Skyline Airways",2,14,1
"430","Skypower Express Airways",2,6,0.1875
"431","Skyways of London",2,11,0.174603174603175
"432","Sobelair SA (Belgium)",2,141,1
"433","Sociedad Aeronautica Medellin",2,48,1
"434","Solomon Islands Airlines",2,26,1
"435","South PacifiIsland Airways",2,11,0.458333333333333
"436","Southcentral Air",2,7,0.7
"437","Southern Airways",2,137,0.85625
"438","Southwest Air",2,16,0.888888888888889
"439","Southwest Airlines",2,0,0
"440","Syrian Airways",2,28,0.823529411764706
"441","TAESA",2,30,1
"442","TAN",2,130,0.87248322147651
"443","TAO",2,10,0.833333333333333
"444","Taxader Airlines",2,44,0.758620689655172
"445","Telford Aviation",2,9,1
"446","Tigres Voladores",2,44,1
"447","Trans Continental Air Transport",2,13,1
"448","Trans Guyana Airways",2,3,0.375
"449","Trans Service Airlift",2,144,0.872727272727273
"450","Trans World Airlines / Private",2,28,0.166666666666667
"451","Transafrik",2,23,1
"452","Transasia Airways",2,6,1
"453","Transportes Aí©reos Mexicanos",2,4,0.8
"454","Union Airways",2,7,0.777777777777778
"455","United Air Lines / Trans World Airlines",2,256,1
"456","United Airways",2,36,1
"457","Universal Airlines",2,16,0.727272727272727
"458","Universal Jet Aviation",2,5,1
"459","Uzbekistan Airways",2,39,0.557142857142857
"460","ValuJet",2,110,0.63953488372093
"461","Vanair",2,16,0.761904761904762
"462","Vayudoot",2,45,1
"463","Vieques Air Link",2,14,0.736842105263158
"464","Vietnam Airlines",2,95,0.979381443298969
"465","VOTEC",2,25,0.892857142857143
"466","VoteTaxi Aí©reo",2,16,1
"467","West Caribbean Airways",2,168,0.96551724137931
"468","Western Canada Airways",2,5,0.833333333333333
"469","Wien Consolidated Airlines",2,40,0.909090909090909
"470","Wuhan Airlines",2,58,0.734177215189873
"471","Yakutavia",2,17,0.586206896551724
"472","Yemen Airlines",2,13,1
"473","Yute Air Alaska - Air Taxi",2,5,0.416666666666667
"474","Aí©reo Ruta Maya",1,11,0.785714285714286
"475","Aí©rotaxi Cachanilla",1,8,1
"476","Ababeel Aviaition",1,4,1
"477","Abakan Airlines",1,3,0.157894736842105
"478","Aca-Ancargo",1,44,1
"479","Ace Flying Service",1,2,1
"480","Acme Air",1,2,1
"481","Action Air Express Inc. - Air Taxi",1,2,1
"482","Action Airlines",1,8,0.888888888888889
"483","Adam Air",1,102,1
"484","Advance Airlines",1,13,1
"485","AECA Cargo",1,4,1
"486","Aegler Stuart Flying Service  / Private",1,4,0.8
"487","Aer Turas",1,2,1
"488","Aeralpi",1,4,0.8
"489","Aerevias Centrales Air Service",1,1,1
"490","Aerial Transit Company",1,3,1
"491","Aero Air",1,3,1
"492","Aero Cargo",1,1,0.0526315789473684
"493","Aero Club Libya",1,14,1
"494","Aero Clube de Volta Redonda",1,4,1
"495","Aero Condor",1,10,1
"496","Aero Cozumel",1,6,0.315789473684211
"497","Aero Ejecutivos",1,3,1
"498","Aero Eslava",1,4,1
"499","Aero Ferinco Charter",1,19,1
"500","Aero France",1,11,1
"501","Aero Holland",1,34,0.971428571428571
"502","Aero Jet Express",1,4,1
"503","Aero Lloyd",1,5,1
"504","Aero Mayflower Transit Co",1,3,1
"505","Aero National - Air Taxi",1,4,1
"506","Aero PaLease - Air Taxi",1,2,1
"507","Aero Pantanal - Air Taxi",1,6,1
"508","Aero Peru",1,12,0.173913043478261
"509","Aero Sudpacifico",1,9,1
"510","Aero Taxis Equatorianos",1,22,0.916666666666667
"511","Aero Transportes",1,8,1
"512","Aero Tropical",1,8,1
"513","Aero-Tropics",1,15,1
"514","Aerocalifornia",1,21,1
"515","Aerocaribbean - Charter",1,34,1
"516","Aerochasqui",1,15,1
"517","Aerocom",1,7,1
"518","Aerocondor",1,5,1
"519","Aerocondor de Colombia",1,17,0.288135593220339
"520","Aerocontroctors - Charter",1,3,0.6
"521","Aerocord",1,9,1
"522","Aerocosta Colombia",1,2,0.5
"523","Aeroejecutivos Colombia",1,2,0.222222222222222
"524","Aeroespresso",1,2,0.222222222222222
"525","Aeroextra",1,3,1
"526","Aeroflite Services",1,2,1
"527","Aeroflot / Soviet Air Force",1,76,1
"528","Aeroflot Russian International Airways",1,75,1
"529","Aerogulf",1,7,1
"530","Aerolatino (Aerocaribe)",1,1,0.0555555555555556
"531","Aeroleasing - Air Taxi",1,5,1
"532","Aeroleo Taxi Aereo",1,11,1
"533","Aerolift Philippines",1,21,1
"534","Aerolineas Argo",1,5,1
"535","Aerolineas Condor",1,44,1
"536","Aerolineas Cuahonte",1,9,1
"537","Aerolineas El Salvador",1,2,1
"538","Aerolineas La Gaviola",1,9,1
"539","Aerolineas La Paz",1,5,1
"540","Aerolineas Litoral Argentina",1,28,0.933333333333333
"541","Aerolineas Nacionales",1,60,1
"542","Aeromexico / Private",1,67,1
"543","Aeromist-Kharkiv",1,44,1
"544","Aeronautical Services - Air Taxi",1,3,1
"545","Aeronaves de Panama",1,6,1
"546","Aeronaves del Peru",1,3,0.428571428571429
"547","Aeronor Chile",1,46,1
"548","Aeronorte",1,9,1
"549","Aeropeca",1,18,1
"550","Aeropol",1,3,1
"551","Aeropostale - La Tecoere Company",1,6,1
"552","Aeroput",1,8,1
"553","Aeroservice International",1,2,1
"554","Aeroservice S de RL",1,6,1
"555","Aeroservicios Empresariales de Durango",1,16,0.842105263157895
"556","Aerosweet Airlines (LVOV)",1,70,1
"557","Aerotaxi Manaus",1,24,0.857142857142857
"558","Aerotechnia",1,7,1
"559","Aerotransportes Petroleros",1,3,0.428571428571429
"560","Aerotuy airline",1,1,0.0909090909090909
"561","Aerovalles",1,6,1
"562","Aerovanguardia",1,3,1
"563","Aerovias Condor",1,2,0.5
"564","Aerovias Cuba International",1,12,1
"565","Aerovias del Norte",1,10,1
"566","Aerovias del Valle",1,10,1
"567","Aerovias Guest",1,25,1
"568","Aerovias Halcon",1,1,0.0625
"569","Aerovias Rojas",1,18,1
"570","Aerovias Urraca",1,22,0.785714285714286
"571","Aerovias Venezolanas SA (Venezuela)",1,77,1
"572","Africa One Congo",1,21,0.954545454545455
"573","African Air",1,2,0.333333333333333
"574","African Commuter Services",1,3,0.230769230769231
"575","Agape Flight Inc.",1,2,0.666666666666667
"576","Agco Corp",1,5,1
"577","Agee Flying Service - Air Taxi",1,4,1
"578","AIDA",1,14,0.875
"579","Air  Mali",1,47,0.783333333333333
"580","Air 70",1,10,1
"581","Air Affaires Gabon",1,12,1
"582","Air Albatross",1,8,0.888888888888889
"583","Air Ambulance - Med-Trans Corp.",1,4,0.8
"584","Air ambulance - Mercy Air Services",1,3,1
"585","Air Amercia",1,5,1
"586","Air Angles Inc.",1,4,1
"587","Air Anguilla",1,11,1
"588","Air Bissau",1,3,0.230769230769231
"589","Air Bleu",1,1,0.5
"590","Air Cameroon",1,4,1
"591","Air Caraibes",1,19,1
"592","Air Cargo Carriers",1,3,1
"593","Air Cargo Express",1,2,1
"594","Air Carriers Express Services Inc",1,17,1
"595","Air Central",1,5,1
"596","Air Chaparral - Air Taxi",1,2,1
"597","Air Charter - Tanzanian Air Services",1,3,0.5
"598","Air China",1,128,0.771084337349398
"599","Air Comores",1,15,0.9375
"600","Air Continental",1,3,1
"601","Air East",1,12,0.705882352941177
"602","Air Ferry",1,2,1
"603","Air Ferry Ltd",1,88,1
"604","Air Fiji",1,17,1
"605","Air Flamence",1,1,1
"606","Air Florida",1,74,0.936708860759494
"607","Air Gabon",1,3,1
"608","Air Gaspí©",1,4,1
"609","Air Georgian",1,1,1
"610","Air Global",1,2,1
"611","Air Guinee",1,15,0.882352941176471
"612","Air Haiti International",1,3,1
"613","Air Hawaii",1,5,1
"614","Air Illinois",1,10,1
"615","Air Iowa",1,6,1
"616","Air Ivoire",1,6,1
"617","Air Ivorie",1,17,1
"618","Air Jordan",1,10,0.666666666666667
"619","Air Karibu",1,7,1
"620","Air Kasai",1,14,1
"621","Air Lanka",1,22,0.146666666666667
"622","Air Liberia",1,8,0.888888888888889
"623","Air Luxor",1,7,1
"624","Air Malawi",1,10,1
"625","Air Martinique",1,6,1
"626","Air Mauritanie",1,80,0.860215053763441
"627","Air Melanesie",1,1,0.125
"628","Air Memphis",1,6,1
"629","Air Methods / ClassiHelicopters",1,6,0.857142857142857
"630","Air Moorea",1,20,1
"631","Air New England",1,1,0.1
"632","Air Niagara",1,2,1
"633","Air North",1,1,0.333333333333333
"634","Air North Queensland",1,11,1
"635","Air Ocean",1,16,1
"636","Air Ohio - Air Taxi",1,2,1
"637","Air One Executive",1,2,1
"638","Air Ontario",1,24,0.347826086956522
"639","Air Outre-Mer",1,3,1
"640","Air Outremer",1,18,1
"641","Air Pennsylvania - Air Taxi",1,3,1
"642","Air Pereira",1,4,1
"643","Air Philippines",1,131,1
"644","Air Rainbow",1,7,0.777777777777778
"645","Air Reconnaissance Unit of Liberia",1,16,0.888888888888889
"646","Air Rouergue",1,5,0.833333333333333
"647","Air Sí£o Tomí©",1,4,1
"648","Air Saint Maurice Inc.",1,3,0.428571428571429
"649","Air Satellite",1,7,0.7
"650","Air Senegal",1,25,0.480769230769231
"651","Air Senegal / Gambia Airways",1,3,1
"652","Air Serv Internatiional/CemAir",1,17,1
"653","Air Service - Air Taxi",1,3,1
"654","Air Services",1,3,0.6
"655","Air Sinai",1,37,1
"656","Air South",1,14,1
"657","Air St. Martin",1,20,1
"658","Air Sunshine",1,2,0.2
"659","Air Tahiti",1,11,0.5
"660","Air Tahoma",1,3,1
"661","Air Taroma",1,1,0.5
"662","Air taxi - Aero Air Taxi",1,4,1
"663","Air Taxi - Aero West Aviation Inc.",1,5,1
"664","Air Taxi - Air Grand Canyon Inc.",1,7,1
"665","Air Taxi - Air Medical Leasing",1,4,1
"666","Air taxi - Air Safaris Inc.",1,3,1
"667","Air Taxi - Air Taxi Inc.",1,5,1
"668","Air Taxi - Air Trends Inc.",1,4,0.8
"669","Air Taxi - Air Vegas Inc.",1,2,0.4
"670","Air Taxi - Airis Helicopters Inc.",1,3,1
"671","Air Taxi - Alpine Aviation",1,3,1
"672","Air Taxi - Baker Aviation Inc.",1,3,1
"673","Air Taxi - Bigfoot Air of Alaska, LLC",1,4,1
"674","Air Taxi - Bohemia Inc.",1,3,1
"675","Air Taxi - Centre Airlines Inc.",1,2,0.4
"676","Air Taxi - Coastal Airways Inc.",1,3,0.75
"677","Air Taxi - Coastal Helicopters Inc.",1,7,1
"678","Air Taxi - Continental Air Taxi",1,3,0.5
"679","Air taxi - Cuiaba Air Taxi",1,6,1
"680","Air Taxi - Custom Air Transport Inc.",1,2,1
"681","Air Taxi - Delaware Aviation LLC",1,4,1
"682","Air Taxi - Desert Flying Service",1,3,1
"683","Air Taxi - Durango Air Service",1,3,1
"684","Air Taxi - Eidoarie Inc.",1,4,1
"685","Air Taxi - El Aero Services Inc.",1,5,1
"686","Air Taxi - Flying School of the Cascades Inc.",1,4,1
"687","Air Taxi - Four Corners Aviation Inc.",1,2,0.4
"688","Air Taxi - Grant Aviation Inc.",1,6,1
"689","Air Taxi - Great Northern Aircraft Co.",1,3,0.428571428571429
"690","Air Taxi - Guinn Flying Service",1,4,1
"691","Air Taxi - Haines Airways Inc.",1,6,1
"692","Air Taxi - Hawaii Helicopters Inc.",1,7,1
"693","Air Taxi - Henson Airlines",1,14,1
"694","Air Taxi - Iliamna, Air Taxi Inc.",1,6,1
"695","Air Taxi - Island Air Service",1,4,1
"696","Air Taxi - Island Airlines",1,4,1
"697","Air Taxi - Islip Airco Inc.",1,2,0.4
"698","Air taxi - Jao Air Taxi",1,4,1
"699","Air Taxi - Jet Alaska",1,3,1
"700","Air Taxi - Lab Flying Service Inc.",1,6,1
"701","Air Taxi - Lake Clark Air Inc.",1,3,0.75
"702","Air Taxi - Las Vegas Flyers Inc.",1,10,1
"703","Air taxi - Lider Air Taxi",1,6,1
"704","Air Taxi - MajestiAlliance",1,2,1
"705","Air Taxi - Marco Zero Air Taxi",1,5,1
"706","Air Taxi - Martin Aviation LP",1,5,1
"707","Air Taxi - Mercy Flights Inc.",1,4,1
"708","Air Taxi - Minuteman Aviation Inc.",1,3,1
"709","Air Taxi - Monument Valley Air Service",1,6,1
"710","Air Taxi - National Helicopters",1,3,1
"711","Air Taxi - New England Airlines",1,3,0.6
"712","Air Taxi - New London Flying Services Inc.",1,2,0.5
"713","Air Taxi - Northern Air Services Inc.",1,2,1
"714","Air Taxi - Northern Arizona Aircraft Inc.",1,5,1
"715","Air Taxi - Ohana Helicopter Tours",1,6,1
"716","Air Taxi - Oklahoma Airways Inc.",1,2,1
"717","Air Taxi - Ozark Skyways Inc.",1,4,1
"718","Air Taxi - Papillion Helicopters Ltd.",1,3,0.428571428571429
"719","Air Taxi - Paramount Aviation Corp.",1,5,1
"720","Air Taxi - Peninsula Airways",1,3,1
"721","Air Taxi - Petroleum Helicopters Inc.",1,15,1
"722","Air Taxi - Raco Helicopters Corp.",1,3,1
"723","Air Taxi - Richards Aviation Inc.",1,2,1
"724","Air Taxi - Richmor Aviation",1,3,1
"725","Air taxi - Rumo Notre Air Taxi",1,4,1
"726","Air Taxi - Ryan Air Service",1,5,1
"727","Air Taxi - Sea PacifiInc.",1,3,0.75
"728","Air Taxi - Seaside Air Service",1,3,1
"729","Air Taxi - South Coast Helicopters Inc.",1,4,1
"730","Air Taxi - Stanley Air Taxi",1,4,1
"731","Air Taxi - Stearns Air Alaska",1,3,0.6
"732","Air Taxi - Sun Western Flyers Inc.",1,9,0.9
"733","Air Taxi - TAJ FBO Co.",1,4,1
"734","Air Taxi - Talon Air Services Inc.",1,3,1
"735","Air taxi - TAM",1,2,1
"736","Air Taxi - Temesco Helicopters Inc.",1,3,1
"737","Air Taxi - Trail Lake Flying Service Inc.",1,5,1
"738","Air Taxi - Transamerica",1,2,0.5
"739","Air Taxi - Tyee Airlines Inc.",1,8,1
"740","Air Taxi - US Helicopters Inc.",1,5,1
"741","Air Taxi - Uyak Air Services Inc.",1,6,0.857142857142857
"742","Air Taxi - Western Helicopter Inc.",1,4,1
"743","Air Taxi - Wilderness Aviation Inc.",1,3,1
"744","Air Taxi - Wolfe Air Aviation Ltd.",1,2,0.5
"745","Air Taxi -Wilderness Aviation Inc.",1,5,1
"746","Air Taxi- Hermans Air Inc.",1,2,0.5
"747","Air Transit - Air Taxi",1,3,0.75
"748","Air Transport Associates",1,2,0.0625
"749","Air Transport Charter",1,3,0.75
"750","Air Trek",1,6,1
"751","Air Turks & Caicos",1,1,0.166666666666667
"752","Air US / Private",1,15,0.789473684210526
"753","Air West",1,7,1
"754","Air West Airlines Ltd.",1,1,0.0526315789473684
"755","Air Wisconsin",1,13,0.866666666666667
"756","Air-Lift Commuter",1,2,1
"757","Airborne Transport",1,32,1
"758","Airbus Industrie",1,7,1
"759","Airco Charters - Air Taxi",1,2,1
"760","Aircraft Charter Group Inc",1,2,1
"761","Aircraft Transport and Travel",1,1,1
"762","Airline Transport",1,1,0.142857142857143
"763","Airline Transport Carriers",1,32,1
"764","Airlines of Australia",1,5,0.714285714285714
"765","Airlines of PNG",1,2,0.666666666666667
"766","Airquarius Aviation - Charter",1,3,1
"767","Airtech Rajawaldi Udara",1,14,0.7
"768","Airwave Transport",1,2,1
"769","Airways",1,3,1
"770","AirWest Airlines",1,11,0.846153846153846
"771","Aitalia",1,13,0.136842105263158
"772","Akhal Air",1,12,1
"773","Aktiebolaget Aerotransport",1,7,1
"774","Alada",1,1,0.0769230769230769
"775","ALADA",1,16,1
"776","Alamo Airways",1,3,1
"777","Alantis Aviation",1,12,1
"778","Alas Chiricanas",1,21,1
"779","Alas del Sur",1,3,1
"780","Alas Nacionales, leased from Birgen Air",1,189,1
"781","Alaska Aeronautical Industries",1,13,1
"782","Alaska Coastal Airlines",1,9,1
"783","Alaska Helicopter - Air Taxi",1,5,1
"784","Alaska International Air",1,4,1
"785","Alaska Travel",1,6,1
"786","Alaska-Washington Airways",1,3,1
"787","Albancion Circulo",1,10,1
"788","ALFA",1,18,0.75
"789","ALIANSA Colombia",1,8,1
"790","Alii Air Hawaii - Air Taxi",1,8,1
"791","All Nippon Airways /  Japanese Air Force",1,163,0.99390243902439
"792","Allegheny Airlines / Forth Corporation",1,83,1
"793","Alliance Airlines",1,6,1
"794","Allied Air Freight",1,2,1
"795","Aloha Airlines",1,1,0.0105263157894737
"796","Aloha Island Air",1,20,1
"797","Alpa Servicios Aí©reos",1,4,1
"798","Alpena Flying Service - Air Taxi",1,6,1
"799","Alpha Airways",1,4,1
"800","Alpine Air Express",1,2,1
"801","Alpine AviationŒæ",1,1,1
"802","AltusFlying Service - Air Taxi",1,2,0.5
"803","Alva Aircraft Service - Taxi",1,3,1
"804","Alyemda Airlines",1,3,0.0410958904109589
"805","Amazonese Importacao e Exportacao",1,9,0.5
"806","Ambler Air Service",1,7,0.777777777777778
"807","Amee de l'Air",1,3,0.75
"808","American Air  Export & Import Co.",1,1,0.5
"809","American Airlines / Private",1,2,0.0952380952380952
"810","American Export Airlines",1,11,0.297297297297297
"811","American Express Leasing",1,5,1
"812","American Flyers Airline",1,83,0.846938775510204
"813","American International Airways",1,0,0
"814","American Jet",1,7,1
"815","American Overseas Airlines",1,39,1
"816","American Virginia",1,1,0.2
"817","Amphibians",1,5,0.454545454545455
"818","Anchorage Helicopter - Air Taxi",1,3,1
"819","ANDESA",1,30,1
"820","Angola Air Charter",1,6,1
"821","Ansett Airlines of Papua New Guinea",1,4,1
"822","Ansett New Zealand",1,5,0.238095238095238
"823","ANT Air Taxi",1,5,1
"824","Antillian Airlines",1,23,0.365079365079365
"825","Antillies Air - Air Taxi",1,4,0.363636363636364
"826","Apache Airlines - Air Taxi",1,12,1
"827","Apline Aviation",1,1,1
"828","APRL",1,11,0.423076923076923
"829","Aquilla Airways",1,43,0.741379310344828
"830","Arall",1,4,0.363636363636364
"831","Aramar",1,8,1
"832","Aramco Associated Company",1,12,0.6
"833","Ararat Avia",1,0,0
"834","Arax Airlines",1,4,1
"835","Aray-Avia",1,1,0.0833333333333333
"836","Archana Airlines",1,9,1
"837","ArctiCircle Air Service",1,1,1
"838","ArctiPacific",1,22,0.458333333333333
"839","ArctiTransportation Services",1,1,1
"840","ArctiWings & Rotors",1,7,1
"841","Argentina CAA",1,11,1
"842","Armavia",1,113,1
"843","Aroostook Air - Air Taxi",1,3,1
"844","Arrow Airlines",1,9,1
"845","Arrow Airways",1,256,1
"846","Arsenyev Aviation Production Association",1,8,0.4
"847","ARTOP Aerotopografica LDA",1,36,1
"848","Asa Pesada",1,57,1
"849","Asian Spirit",1,17,1
"850","Asiana Airlines",1,68,0.618181818181818
"851","Aspring Air",1,10,1
"852","Associated Air Transport",1,40,1
"853","Associated Aviators",1,1,0.5
"854","Astrd Wing Aviaiton - Air Taxi",1,2,1
"855","Astro Air Taxi",1,4,1
"856","ATESA",1,5,0.357142857142857
"857","ATI Aircompany",1,8,1
"858","AtlantiAirlines",1,9,0.692307692307692
"859","AtlantiAirways",1,4,0.25
"860","AtlantiCentral Airlines",1,4,0.666666666666667
"861","AtlantiCity Airlines",1,3,0.3
"862","AtlantiCoast Airlines (United Express)",1,5,0.625
"863","Atlasjet Airlines",1,57,1
"864","Atran",1,9,1
"865","Augusta Aviaiton - Air Taxi",1,2,0.666666666666667
"866","Aurukun Air Services",1,6,1
"867","Australian Aerial Services",1,2,1
"868","Austria-Flugdienst",1,5,1
"869","Austrian Airlines",1,31,0.837837837837838
"870","AV Air / American Eagle",1,12,1
"871","Avalki Air",1,6,0.6
"872","Avanti Aviation -Air Taxi",1,2,1
"873","AVCOM",1,2,1
"874","AVENSA",1,2,1
"875","Avesca Colombia",1,11,1
"876","Avia Air Aruba",1,8,1
"877","Avia-Taxi",1,10,1
"878","Aviaimpex (Macedonia)",1,116,1
"879","AVIANCA / AVIANCA",1,38,1
"880","Aviastar Mandiri",1,6,1
"881","Aviation Development Corporation",1,143,1
"882","Aviation Enterprises",1,3,1
"883","Avicsa",1,20,0.5
"884","Aviogenex (Yugoslavia)",1,78,0.939759036144578
"885","Avion Airways",1,16,0.592592592592593
"886","Avionas  Banamex",1,8,1
"887","Avioriprese Jet Executive",1,3,1
"888","Avirex",1,3,0.3
"889","AVISPA",1,40,1
"890","Avisto",1,22,0.536585365853659
"891","Avtex Air Services",1,1,1
"892","AZAL Cargo Company",1,7,1
"893","Azov Avia Airlines",1,3,0.428571428571429
"894","BAFIN",1,4,1
"895","Bahri Aviation",1,5,1
"896","Baikal Air",1,124,1
"897","Baker Aero Inc. - Taxi",1,2,1
"898","Bako Air",1,7,1
"899","BAL Bremerhaven Airline",1,8,0.888888888888889
"900","Balair",1,12,1
"901","Bangkok Airways",1,38,1
"902","Bangladesh Biman",1,49,1
"903","Bankair",1,3,1
"904","Bankair Inc. - Air Taxi",1,5,0.714285714285714
"905","Bar Harbor Airlines",1,8,1
"906","Barrow Air Service - Air Taxi",1,7,0.875
"907","Bashkirian Airlines / DHL Worldwide Express",1,71,1
"908","Bassett Complany - Taxi",1,6,1
"909","Bavaria Flug",1,11,1
"910","Bay Land Aviation",1,5,1
"911","Bazair",1,27,1
"912","Bearskin Airlines / Air Sandy",1,8,1
"913","Beatty Flying Service - Taxi",1,2,1
"914","Belair - Air Taxi",1,5,1
"915","Belgian International Air Services",1,4,1
"916","Belize Air International Ltd.",1,5,0.416666666666667
"917","Bellview Airlines",1,117,1
"918","Berkshire Aviation - Air Taxi",1,2,0.666666666666667
"919","Bharat Airways",1,7,1
"920","BHS - Brazilian Helicopter Service  Air Taxi",1,6,0.545454545454545
"921","BHS - Brazilian Helicopter Service Air Taxi",1,5,0.25
"922","BHS - Brazilian Helicopter Services",1,5,1
"923","Bimini Air Charter Inc.",1,5,0.555555555555556
"924","Bimini Airways",1,5,1
"925","Binter Mediterríçneo",1,4,0.0851063829787234
"926","BKS Air Transport",1,6,0.75
"927","Blackhawk Int. Airways  - Private charter",1,9,1
"928","Blue Bird Air Service",1,4,1
"929","Blue Bird Aviation",1,2,1
"930","Blue Hawaiian Helicopters",1,7,1
"931","Blue Water Aviation Services",1,1,0.5
"932","Blue Wing Airlines",1,19,1
"933","Boeing KC-135E",1,2,0.285714285714286
"934","Boise Air Service",1,6,1
"935","Bombardier Aerospace",1,2,0.666666666666667
"936","Bonanza Airlines",1,29,1
"937","Bond Offshore Helicopters",1,16,1
"938","Borneo Airways",1,10,1
"939","Bourag Indonesia Airlines",1,10,1
"940","Bremerton-Seattle Air Taxi / Gorst Air Lines",1,2,1
"941","Bristol 170 Freighter 31M",1,2,0.2
"942","Bristol Aeroplane Co.",1,15,1
"943","Brit Air",1,1,0.0416666666666667
"944","Britannia Airways",1,98,0.837606837606838
"945","Britavia",1,5,0.0625
"946","British Aircraft Corporation",1,7,1
"947","British Airtours",1,55,0.401459854014599
"948","British Airways Helicopters",1,20,0.769230769230769
"949","British Columbia Airways",1,7,1
"950","British Commonwealth PacifiAirlines",1,19,1
"951","British International Helicopters",1,45,0.957446808510638
"952","British Overseas Airways /Qantas",1,10,1
"953","British United Airways",1,26,0.962962962962963
"954","British World Airways",1,1,0.5
"955","Britt Airways",1,3,1
"956","Broughton Air Servces",1,10,1
"957","Broward Aviation Services - Air Taxi",1,5,1
"958","Bruning Aviation",1,2,1
"959","Bruno Air",1,9,1
"960","Bruns Air Service - Air Taxi",1,4,1
"961","Buckeye Air Service - Air Taxi",1,2,1
"962","Buffalo Narrows Airways",1,2,1
"963","Bulair TABSO",1,47,0.528089887640449
"964","Burke Air Transport",1,14,0.388888888888889
"965","Burlington Air - Air Taxi",1,2,0.5
"966","Burlington Air Express",1,4,1
"967","Business Air Connection",1,4,1
"968","Business Aircraft - Air Taxi",1,3,1
"969","Business Jet Services",1,3,1
"970","Butler Aviation Inc.",1,12,1
"971","By Air",1,1,1
"972","C and C Aviaiton - Air Taxi",1,5,1
"973","CAAC Air TraffiManagement Bureau",1,3,1
"974","CAAK",1,23,1
"975","Cable Commuter",1,9,1
"976","Cabo Verde Airlines",1,1,0.0454545454545455
"977","Calair",1,2,1
"978","Caledonian Airways",1,111,1
"979","California Air Charter",1,1,1
"980","California Air Freight",1,2,1
"981","California Air National Guard",1,2,1
"982","California Aircraft",1,3,1
"983","CAMBA",1,10,0.909090909090909
"984","Campagnie France Roumaine",1,2,1
"985","Canada Jet Charters",1,5,1
"986","Canadian Air Transat",1,0,0
"987","Canadian Colonial Airways",1,4,1
"988","Canair Cargo",1,2,1
"989","Canair Corp. - Air Taxi",1,4,1
"990","Canairelief Air",1,4,1
"991","Cape Smythe Air Service",1,5,0.5
"992","Capital Airlines Inc.",1,2,1
"993","Capital Taxi Aereo",1,3,1
"994","Care Flight International",1,1,0.2
"995","Carga Aereo Transportada",1,4,1
"996","Carga del Caribe",1,3,0.6
"997","Cargo Three Panama",1,2,1
"998","Cargolux",1,4,1
"999","Carib Air Transport",1,7,1
"1000","Caribbean Air Carrier - Air Taxi",1,4,1
"1001","Caribbean Airlines",1,5,1
"1002","Caribbean International Airways",1,13,1
"1003","Carvair ATL-98",1,1,0.0555555555555556
"1004","Casino Air - Air Taxi",1,2,0.4
"1005","Castle Aviation",1,2,1
"1006","CATA",1,4,1
"1007","CATA Linea Aerea",1,5,1
"1008","Catalina - Vega - Air Taxi",1,4,1
"1009","Catalina Airlines",1,1,0.0909090909090909
"1010","CC Air",1,2,1
"1011","CCCP",1,2,0.5
"1012","Cebu PacifiAir",1,104,1
"1013","Central  Airlines",1,5,1
"1014","Central Air Services",1,2,1
"1015","Central Airlines",1,2,1
"1016","Centurian Air Cargo",1,0,0
"1017","Century Air Lines",1,2,0.4
"1018","Century PacifiLines",1,8,1
"1019","Cessnyca",1,14,1
"1020","Chaillotine Air Service",1,6,1
"1021","Chalk's International Airlines",1,2,1
"1022","Chalk's Ocean Airways",1,20,1
"1023","Chamberlin Flying Service",1,1,0.166666666666667
"1024","Channel Air Lift",1,3,1
"1025","Channel Express",1,2,1
"1026","Charter",1,1,0.0119047619047619
"1027","Charter - Aerotaxi",1,17,1
"1028","Charter - Air Adventures New Zealand Ltd",1,8,0.8
"1029","Charter - Air Cush",1,6,0.6
"1030","Charter - Central Air",1,8,1
"1031","Charter - Flightline Charter Services",1,9,1
"1032","Charter - IRS Aero",1,27,1
"1033","Charter - Maniema Union (owner Victoria Air)",1,27,1
"1034","Charter - Private",1,2,0.222222222222222
"1035","Charter - Twin Air HB",1,8,1
"1036","Charter -Federal Electricity Commission",1,19,1
"1037","Charter, Golden Eagle Aviation Inc.",1,30,0.75
"1038","Chelan Air Service",1,2,0.4
"1039","Cheremshanka Airlines",1,28,1
"1040","Chester Airport",1,3,1
"1041","Chicago and Southern Airlines",1,2,1
"1042","Chicago Helicopter Airways",1,13,1
"1043","Chicago-Detroit Airways",1,1,1
"1044","China Air Lines",1,24,1
"1045","China Flying Dragon Aviation (Feilong Airlines)",1,2,0.166666666666667
"1046","China General Aviation Corporation",1,108,0.857142857142857
"1047","China Southwest Airlines / Xiamen Airlines",1,128,0.566371681415929
"1048","Chugiak Aviation - Air Taxi",1,2,0.285714285714286
"1049","Churchill Falls Co.",1,8,1
"1050","Cia Brasiliera de Tratores",1,10,1
"1051","Cie Air Transport",1,26,1
"1052","Cie des Messageries Aeriennes",1,3,1
"1053","Circuit City Stores - Charter",1,8,1
"1054","City-Jet",1,6,1
"1055","Clarkes Thunder - Air Taxi",1,2,1
"1056","ClassiWings",1,27,0.9
"1057","Coastal Air Lines",1,18,0.666666666666667
"1058","Coastal Cargo",1,2,1
"1059","COHATA",1,30,0.857142857142857
"1060","College of the Ozarks",1,6,1
"1061","Columbia Air Cargo",1,13,1
"1062","Columbia PacifiAirlines",1,17,1
"1063","Commercial Airways",1,12,1
"1064","Commercial Airways (Comair)",1,17,1
"1065","Commutair",1,2,0.5
"1066","Commuter Airline - Air Taxi",1,3,0.272727272727273
"1067","Compagnie Air Transport",1,4,0.666666666666667
"1068","Compagnie Internationale de Navigation Aí©rienne",1,7,1
"1069","Compagnie Sila",1,2,0.285714285714286
"1070","Compania de Aviacion Faucett SA (Peru)",1,123,1
"1071","Compania de Mexico",1,14,1
"1072","Compania Dominicana de Aviacion",1,102,1
"1073","Compania Mexicana de Aviacion",1,79,1
"1074","ComvaAviation",1,4,1
"1075","Condor Flugdienst",1,16,1
"1076","Conesul Taxi Aí©reo",1,7,1
"1077","Congo Airline",1,41,1
"1078","Connair",1,11,1
"1079","Connie Kalitta Services",1,3,1
"1080","Conquest Airways - Air Taxi",1,3,0.272727272727273
"1081","Continental Air Services",1,2,1
"1082","Continental Air Transport",1,3,1
"1083","Continental Charters",1,26,0.65
"1084","Continental Connection/Colgan Air",1,49,1
"1085","Continental Express",1,14,1
"1086","Continentale Deutsche Luftreederei",1,1,0.142857142857143
"1087","Conviasa",1,3,1
"1088","Cooper Skybird Air Charters",1,14,1
"1089","COPA (Panama)",1,47,1
"1090","Copterline",1,14,1
"1091","Corp. Aeronautica de Transportes",1,4,1
"1092","Corporacion Boliviano de Fomento",1,6,1
"1093","Corporate Air",1,1,1
"1094","Corporate Air - Air Taxi",1,3,1
"1095","Corporate Airlines (American Connection)",1,13,0.866666666666667
"1096","Corporate Mobility Inc. - Private",1,3,1
"1097","Costal Airway",1,8,1
"1098","Cougar Helicopters",1,17,0.944444444444444
"1099","Coval Air",1,9,1
"1100","Crasa - Air Taxi",1,6,1
"1101","Crest Airlines - Air Taxi",1,2,1
"1102","Cross Airways",1,5,1
"1103","Cruzeiro Do Sud",1,26,1
"1104","CSA Czech Airlines",1,16,0.941176470588235
"1105","CTA LanguedoRoussillon",1,23,0.851851851851852
"1106","Cunard Eagle Airways",1,39,1
"1107","Currey Air Transport",1,3,0.0909090909090909
"1108","Curtiss-Reid Flying Services Ltd. (Canada)",1,52,1
"1109","Custom Air Service",1,2,1
"1110","Dai Nippon",1,6,1
"1111","Daimler Airways",1,6,1
"1112","Daimler Airways / Grands Express Aeriens",1,7,1
"1113","Dalmia Jain Airways",1,13,1
"1114","Dan-Air Services",1,4,0.8
"1115","Darbhanga Aviation",1,5,0.454545454545455
"1116","de Havilland Aircraft",1,11,1
"1117","Del Rio Flying Service - Air Taxi",1,7,1
"1118","Delaware Aviation - Air Taxi",1,2,1
"1119","Delta Air Lines/ North Central Airlines",1,10,0.075187969924812
"1120","Deming Flying Service - Air Taxi",1,2,1
"1121","Den Norske Luftfartskole",1,7,1
"1122","Denver Air Center",1,7,1
"1123","Deraps Aviation",1,3,0.75
"1124","Deraya Air Taxi",1,1,0.111111111111111
"1125","Derby Aviation",1,34,1
"1126","Det Danske Luftfartselskab",1,12,0.571428571428571
"1127","Deutche Lufthansa",1,1,1
"1128","Deutsche Flugdienst",1,1,0.0294117647058824
"1129","Deutsche Zeppelin Reederei",1,35,0.360824742268041
"1130","Devener Flying Service - Taxi",1,3,1
"1131","Devlet Hava Yollairi",1,15,1
"1132","DHL",1,2,0.666666666666667
"1133","DHL Aviation Africa",1,4,1
"1134","Dirgantara Air Service",1,3,1
"1135","DJB Air Charter",1,1,0.1
"1136","DLL",1,2,0.125
"1137","DNL",1,13,1
"1138","Dodita Air Cargo",1,1,0.5
"1139","Dominicana",1,31,1
"1140","Dominion Air Lines",1,1,1
"1141","Don Everall Aviation",1,3,1
"1142","Don Zimmerman - Air Taxi",1,4,1
"1143","Douglas Aircraft",1,5,0.833333333333333
"1144","Douglas Aircraft Company",1,5,1
"1145","Duncan Aircraft Sales",1,10,1
"1146","Dunlap Aviation - Air Taxi",1,2,1
"1147","Dutch Continental Airways",1,3,0.3
"1148","Dutch Dakota Association",1,32,1
"1149","Dwyer Flying Service - Private Charter",1,4,1
"1150","E.A.S. Aeroservizi",1,3,1
"1151","Eagle Airways",1,2,1
"1152","Eagle Cap Leasing",1,14,1
"1153","Eagle Commuter",1,7,0.7
"1154","Eagle Flight - Air Taxi",1,4,1
"1155","EAS Airlines (Executive Airline Services)",1,74,0.961038961038961
"1156","East African Air Charters",1,4,0.8
"1157","East Anglian Flying Services",1,12,0.666666666666667
"1158","East Coast Air - Air Taxi",1,3,1
"1159","East Coast Jets",1,8,1
"1160","East Indonesia Air Taxi",1,13,1
"1161","East Provincial Airways",1,15,0.714285714285714
"1162","Ecuatair",1,60,1
"1163","Ecuato Guineana de Aviacion",1,6,1
"1164","Edde Airlines",1,13,1
"1165","EDELCA",1,12,1
"1166","Edinburgh Air Charter",1,8,0.727272727272727
"1167","Eitos",1,13,1
"1168","Ejercito del Aire",1,16,1
"1169","El Magal Aviation",1,7,1
"1170","Elbee Airlines",1,2,1
"1171","ELK Aviation Co. (leased from Eminex)",1,2,0.117647058823529
"1172","Embry Riddle Company",1,1,1
"1173","Emirates Air Transport",1,4,1
"1174","Empresa Aviacion del Pacifico",1,36,1
"1175","Empresa Nacional de Transp.  Trabalho Aereo",1,5,1
"1176","Empressa Commun. Aí©reas de Veracruz",1,15,1
"1177","Enimex",1,2,0.666666666666667
"1178","ERA Aviation - Air Taxi",1,3,0.6
"1179","ERA Helicopter",1,2,1
"1180","Era Helicopter - Air Taxi",1,2,0.285714285714286
"1181","ETA - Empresa Transportes Aí©reos",1,9,1
"1182","Eurasia",1,4,1
"1183","Eureka Aero Inc. - Air Taxi",1,3,1
"1184","Euro Asia Aviation",1,6,1
"1185","Euroair",1,1,1
"1186","Eurojet Italila",1,2,1
"1187","Europe Aero Service EAS",1,22,1
"1188","Everest Air",1,19,1
"1189","Evergreen Alaska Helicopters, Inc.",1,4,1
"1190","Evergreen International Airlines",1,2,1
"1191","Evolga",1,3,1
"1192","EXA Inc.",1,12,1
"1193","Executive Airlines",1,19,1
"1194","Executive Funds",1,1,0.04
"1195","Executive Jet Sales Inc.",1,6,1
"1196","Exportada De Sal S.A.",1,12,1
"1197","Express Airlines - Northwest Airlink",1,18,1
"1198","F.R. de la Direccion General de Ados",1,20,1
"1199","Fairbanks Air - Air Taxi",1,2,1
"1200","Fairbanks Air Service - Taxi",1,2,1
"1201","Fairflight Ltd.",1,80,0.963855421686747
"1202","Fairways",1,10,0.833333333333333
"1203","Falcon Airways - Air Taxi",1,2,1
"1204","Falcon Aviation Group",1,7,1
"1205","FAMA (Argentina)",1,21,1
"1206","Far Aviation - Air Taxi / Speeds Flying - Air Taxi",1,2,0.222222222222222
"1207","Far East Aviation",1,98,1
"1208","Faraz Qeshm Airlines",1,30,1
"1209","Farnair Hungary",1,2,1
"1210","Federal Airlines",1,53,1
"1211","Festus Flying Service - Air Taxi",1,2,1
"1212","Fiji Air",1,2,1
"1213","Fiji Air Services",1,9,1
"1214","Filipinas Orient Airways",1,11,1
"1215","Fine Air",1,4,1
"1216","First Air",1,2,1
"1217","Flamingo Airlines - Air Taxi",1,2,1
"1218","Flash Air",1,148,1
"1219","Fleming Airways System Transport",1,1,0.0256410256410256
"1220","Fleming International Airways",1,3,1
"1221","Flight Safety Australia",1,2,1
"1222","Flight Service",1,13,1
"1223","Flightline",1,10,1
"1224","Florida Commuter Airlines",1,34,1
"1225","Flugefelag",1,25,1
"1226","Flugfelag Austurlands",1,3,1
"1227","Fly 540",1,3,1
"1228","Flying W Airways",1,2,1
"1229","Flynn's Ferry Service",1,2,1
"1230","Force Area Populaire de Angola",1,37,1
"1231","Ford Air Freight Inc.",1,2,1
"1232","Fortaire Aviation - Air Taxi",1,3,0.6
"1233","Foster Aviation",1,6,1
"1234","Fragtflug",1,3,1
"1235","Francisco Cruz",1,6,1
"1236","Franco-Roumaine",1,5,1
"1237","Fred Olsen Flyveselskap",1,11,0.379310344827586
"1238","Freedom International",1,1,0.5
"1239","Frigorifico Cooperativo Los Andes",1,27,1
"1240","Frigorifico Maniqui",1,7,0.7
"1241","Frigorifico Reyes",1,5,1
"1242","Frigorifico Santa Rita",1,5,1
"1243","Frontier Air",1,1,0.25
"1244","Frontier Flying Service",1,3,0.3
"1245","Fuerza Aí©rea Colombiana",1,80,1
"1246","Fuerza Aí©rea Nicaragua",1,28,1
"1247","Fuerza Aí©rea Panamena",1,16,1
"1248","Fuerza Aí©rea Uruguaya",1,5,0.333333333333333
"1249","Fuerza Aí©rea Venezolana",1,11,1
"1250","Fuerza Area Angolaise",1,47,1
"1251","Fuji Airlines",1,20,0.476190476190476
"1252","Fujita Koku Kabushki Kai",1,19,1
"1253","Fun Air",1,5,1
"1254","G & W Aviation",1,5,1
"1255","Gabon Express",1,19,0.633333333333333
"1256","Gaige Aviation - Air Taxi",1,5,1
"1257","Galaxy Airlines",1,70,0.985915492957746
"1258","Galaxy Kavatsi Airlines",1,8,1
"1259","Galesburg Aviation - Air Taxi",1,2,1
"1260","Gambcrest",1,30,0.535714285714286
"1261","Gander Aviation",1,10,1
"1262","Garamut Aviation",1,3,1
"1263","Garuda  Indonesia Airlines / Garuda Indonesia Airlines",1,34,1
"1264","GAS Air",1,8,1
"1265","Gastonia Aviation - Taxi",1,2,1
"1266","General Air",1,8,0.615384615384615
"1267","General Aviation Inc.",1,2,1
"1268","Georgia Express",1,10,1
"1269","Georgian Air",1,24,1
"1270","Geoterrex",1,3,1
"1271","Ghana Airlink",1,7,0.134615384615385
"1272","Ghana Airways",1,1,0.0303030303030303
"1273","Ginger Coote Airways",1,1,1
"1274","Gira Globo Charter",1,13,1
"1275","GLM Aviation",1,2,0.142857142857143
"1276","Global Executive Aviation",1,4,0.666666666666667
"1277","Globe Air",1,126,0.969230769230769
"1278","Glow Air/Air Castle - Charter",1,3,0.5
"1279","Gol Airlines / Private",1,154,0.956521739130435
"1280","Golden Star Air Cargo",1,7,1
"1281","Golden West Airlines / Private",1,14,1
"1282","Goose Bay Air Services",1,4,0.8
"1283","Gor'ky Eskadril'ya",1,50,1
"1284","Goroka Air Services",1,2,0.5
"1285","Government of Mozambique",1,34,0.772727272727273
"1286","Grand Aire",1,2,1
"1287","Grand Canyon Air - Air Taxi",1,2,1
"1288","Grand Canyon Airlines / Helitech",1,25,1
"1289","Great Lakes Business Complany",1,14,0.933333333333333
"1290","Great Western and Southern Air Lines",1,6,1
"1291","Greek Government",1,7,0.538461538461538
"1292","Green Acres - Air Taxi",1,3,1
"1293","Green River Aviation - Air Taxi",1,3,1
"1294","Greenbriar Airways",1,4,1
"1295","Greylock Airways / Private",1,3,0.214285714285714
"1296","GT Air",1,18,1
"1297","Guardia Nacional de Venezuela",1,16,1
"1298","Guernsey Airways",1,7,1
"1299","Guiena Airways",1,1,1
"1300","Guinea Airways Limited",1,12,1
"1301","Gulf Aviation (Kalinga Airways)",1,16,1
"1302","Gum Air Charter",1,10,1
"1303","Guyana Airways",1,3,1
"1304","Haines Airways - Air Taxi",1,4,0.666666666666667
"1305","Hallo Bay Air - Air Taxi",1,3,1
"1306","Halvorson - Air Taxi",1,3,1
"1307","Hamilton Aviation",1,2,1
"1308","Hang Khong (Vietnam)",1,76,0.844444444444444
"1309","Hankins Airways - Air Taxi",1,2,1
"1310","Harbor Airlines - Air Taxi",1,4,0.666666666666667
"1311","Harbour Air",1,3,1
"1312","Harbour Air Seaplanes Ltd.",1,5,1
"1313","Hargreaves Airways",1,6,0.75
"1314","Harka Air Services",1,16,0.2
"1315","Harold E. Bell - Air Taxi",1,2,1
"1316","Harold's Air Service",1,1,0.25
"1317","Harrington's Inc",1,3,1
"1318","Harry Faulkner - Air Taxi",1,2,1
"1319","Harvey's Flying Service - Air Taxi",1,2,1
"1320","Hati Express",1,11,0.733333333333333
"1321","Havasu City Air - Air Taxi",1,3,1
"1322","Heavylift Cargo Airlines",1,6,0.5
"1323","Helaire Helicopter",1,3,1
"1324","Heli-USA Airways",1,4,0.571428571428571
"1325","Heli-USA Airways, In- Air Taxi",1,4,0.666666666666667
"1326","Heliandes",1,16,1
"1327","Helicol Colombia",1,3,1
"1328","Helicopter - Air Taxi",1,2,0.25
"1329","Helicopteros Nacionales de Colombia",1,15,1
"1330","Helicsa",1,11,0.846153846153846
"1331","Helikopter Service",1,18,1
"1332","Helios Airways",1,121,1
"1333","Helisul Taxi Aí©reo",1,2,1
"1334","Heliwork WA Pty Ltd. - Air Taxi",1,4,1
"1335","Henry Nichols - Air Taxi",1,2,0.666666666666667
"1336","Henry Webber Air - Air Taxi",1,2,1
"1337","Heringer Air Taxi",1,4,1
"1338","Hesler Noble - Air Taxi",1,2,1
"1339","Hewa Bora Airways",1,0,0
"1340","Hibiscus Air",1,9,1
"1341","Himmelsschreiber",1,5,0.833333333333333
"1342","HiTech Helicopters",1,4,1
"1343","Hlavka Aviation - Air Taxi",1,2,1
"1344","Holdens Air Transport Service",1,2,0.5
"1345","Holmstoem Air",1,16,1
"1346","Homer Air Service - Air Taxi",1,2,1
"1347","Horizon Properties",1,5,0.3125
"1348","Hornbill Airways",1,1,0.0588235294117647
"1349","Hoseba",1,10,1
"1350","Houston Metro Airlines",1,6,0.5
"1351","Houston-Beech - Air Taxi",1,3,0.75
"1352","Hudgin Air Service",1,7,1
"1353","Hudson Air Service - Air Taxi",1,2,0.5
"1354","Hunter Airways",1,2,1
"1355","Huron Air",1,2,0.666666666666667
"1356","Hyannis Air Service - Air Taxi",1,3,1
"1357","IAI 1124 Westwind",1,3,1
"1358","IAS Cargo",1,6,1
"1359","Iberia Airlines / Aviaco",1,93,0.688888888888889
"1360","Ibertrans Aí©rea",1,3,1
"1361","Imperial Comm - Air Taxi",1,3,0.75
"1362","IMSS",1,13,1
"1363","Inair Panama",1,2,1
"1364","Independent Air Inc.",1,144,1
"1365","Independent Air Travel",1,3,1
"1366","Indian Airlines/Alliance Airlines",1,55,0.948275862068966
"1367","Indian National Airways",1,2,1
"1368","Indonesian National Police",1,15,0.833333333333333
"1369","Inex Adria Aviopromet",1,75,0.625
"1370","Inex Adria Aviopromet (Yugoslavia)",1,180,1
"1371","Inex Adria Aviopromet / British Airways",1,176,1
"1372","Inland Aviation - Air Taxi",1,2,1
"1373","Inter City Flug",1,7,0.875
"1374","Inter Island Air - Air Taxi",1,2,0.666666666666667
"1375","Inter Island Air Services",1,10,1
"1376","Inter-Island",1,1,0.2
"1377","Interamericana de Aviacion",1,5,1
"1378","Intercontinental de Aviacion",1,51,0.980769230769231
"1379","Interior Airways",1,2,0.5
"1380","Interior Airways - Air Taxi",1,2,1
"1381","International Air Freight",1,1,0.333333333333333
"1382","International Control Commision",1,13,1
"1383","International Jet Charter",1,2,0.4
"1384","Interocean",1,1,0.142857142857143
"1385","Interstate Airlines",1,4,1
"1386","Intracostals - Air Taxi",1,3,1
"1387","Inuvik Coastal Airways",1,2,0.166666666666667
"1388","Invicta International Airlines (UK)",1,108,0.744827586206897
"1389","Iran Asseman Airlines",1,66,1
"1390","Iran National Airlines",1,128,1
"1391","Island Airways Ltd.",1,8,1
"1392","Island Express Helicopter Service",1,4,0.666666666666667
"1393","Island Sky Ferry - Air Taxi",1,0,0
"1394","Islands Nationair",1,13,1
"1395","Islands of the Bahamas Inc",1,2,1
"1396","Itek Air",1,68,0.755555555555556
"1397","Ivolga Avia",1,8,1
"1398","Jack Harter Helicopters",1,5,1
"1399","Jack N. Boswick - Air Taxi",1,2,0.285714285714286
"1400","Jamie Ramirez - Air Taxi",1,3,1
"1401","Japan Air Self-Defence Force",1,14,1
"1402","Japan Aviation Corporation",1,10,0.833333333333333
"1403","Jay Hawk Air - Air Taxi",1,3,1
"1404","JC Air",1,7,1
"1405","Jersey Airways",1,14,1
"1406","Jet Alaska",1,4,1
"1407","Jet Avia Charter",1,4,1
"1408","Jet Charter Group",1,2,1
"1409","Jet Pro",1,2,1
"1410","Jet Wings",1,1,1
"1411","Jetcom S.A.",1,8,1
"1412","Jetcraft",1,1,1
"1413","Jetstream Inc.",1,3,1
"1414","Jetwingsco Inc. - Private Charter",1,18,1
"1415","Johnson Flying Service",1,10,0.357142857142857
"1416","Jordan International Airlines",1,1,0.0175438596491228
"1417","Junction City Fire Department",1,9,0.692307692307692
"1418","Kalinin",1,14,0.7
"1419","Kam Air",1,104,1
"1420","Kansas City Southern Skyways",1,2,1
"1421","Kapowsin Air Sports",1,10,1
"1422","Kata Transportation",1,8,1
"1423","Kauai Helicopter - Air Taxi",1,2,0.666666666666667
"1424","Kavatshi Airlines",1,11,1
"1425","Kelowna Flightcraft Air Charter",1,2,1
"1426","Kenmore Air  - Air Taxi",1,7,1
"1427","Key West Sea Plane Service - Air Taxi",1,5,1
"1428","Keystone Air Services Ltd. - Air Taxi",1,1,0.125
"1429","Khalatyrka",1,20,1
"1430","Khors Aircompany",1,11,1
"1431","Kiev Production Association",1,1,0.0769230769230769
"1432","Kime Flying Service - Air Taxi",1,3,1
"1433","Kimura International",1,10,1
"1434","Kinair Cargo",1,5,1
"1435","King Air Charter",1,3,1
"1436","Kirghizia Aba Zaoldoru",1,15,1
"1437","Kisangani Airlift",1,10,0.909090909090909
"1438","Kish Airlines",1,43,0.934782608695652
"1439","Kismayo Airlines",1,8,1
"1440","Kivu Air Services",1,2,1
"1441","Kiwi West Aviation",1,6,1
"1442","KLM Cityhopper",1,3,0.125
"1443","Knight Air",1,12,1
"1444","Knowles Flying Service of Detroit",1,3,0.25
"1445","Kodiak Western Alaska Airlines",1,4,1
"1446","Komi Avia",1,14,0.933333333333333
"1447","Kondair",1,1,1
"1448","Krasnoyarskavia",1,10,0.833333333333333
"1449","Krasnoyarskie Avialinii",1,20,1
"1450","Kuban Airlines",1,36,1
"1451","Kurtzer Flying Service - Taxi",1,2,1
"1452","Kuwait Airways",1,2,0.0178571428571429
"1453","L & J Company",1,6,0.230769230769231
"1454","L.J. Simmons - Air Taxi",1,4,0.666666666666667
"1455","L'Armí©e de L'Air",1,21,1
"1456","L'Express Airlines",1,13,0.866666666666667
"1457","Lí_der Tíçxi Aí©reo",1,4,1
"1458","Lí_neas Aí©reas Suramericanas",1,3,1
"1459","La Costena",1,16,1
"1460","Lab Flying Service - Air Taxi",1,6,1
"1461","Labradore Airways",1,4,1
"1462","LAC Columbia",1,4,1
"1463","Lackey Aero Company - Taxi",1,4,1
"1464","LACOL",1,2,0.181818181818182
"1465","LACSA",1,11,0.785714285714286
"1466","Ladeco",1,36,1
"1467","Lake Central Airlines",1,38,1
"1468","Lake Havasu Air",1,6,1
"1469","Lambair",1,2,1
"1470","LANC Colombia",1,5,0.277777777777778
"1471","Lancashire Aircraft Corporation (Skyways)",1,39,1
"1472","Lao Cathay Airlines",1,10,0.833333333333333
"1473","Laoag International Airlines",1,19,0.558823529411765
"1474","LAPA, Lineas Aereas Privadas Argentinas",1,64,0.621359223300971
"1475","LATI",1,10,1
"1476","Lauda Air",1,223,1
"1477","Laurentian Air Services",1,5,0.454545454545455
"1478","LAV - Linea Aeropostal Venezolana",1,47,1
"1479","Layman Weikle - Taxi",1,2,1
"1480","Leadair - Charter",1,10,1
"1481","Leamon Flying Service",1,3,1
"1482","Lebanese International Airways",1,27,1
"1483","Leeward Islands Air Transport",1,13,1
"1484","Lehigh Acres Development Inc.",1,1,0.0303030303030303
"1485","Les Ailes de Gaspí© Inc.",1,3,1
"1486","Lester C. Bush - Air Taxi",1,3,0.375
"1487","Lexington Air Taxi",1,9,1
"1488","Liard Air",1,1,0.2
"1489","Libya Arab Airlines",1,110,0.973451327433628
"1490","Lina Congo",1,3,0.375
"1491","Linair Express",1,7,0.777777777777778
"1492","Linea Aí©rea Mexicana de Carga",1,2,0.5
"1493","Linea Aí©rea Nacional",1,1,0.0333333333333333
"1494","Linea Expresa Bolivar",1,4,1
"1495","Lineas Aí©reas Brasil",1,5,0.166666666666667
"1496","Lineas Aí©reas Cave",1,3,0.428571428571429
"1497","Lineas Aí©reas Colombianas",1,7,1
"1498","Lineas Aí©reas Costarricenses",1,2,1
"1499","Lineas Aí©reas Costarricenses  LACSA",1,22,1
"1500","Lineas Aí©reas Interpolar",1,8,1
"1501","Lineas Aí©reas la Urraca",1,20,1
"1502","Lineas Aí©reas Mineras",1,1,0.166666666666667
"1503","Lineas Aí©reas Sud Americana",1,5,1
"1504","Lineas Aí©reas Suramericanas",1,8,1
"1505","Lineas Aí©reas Trans. Brasileira",1,2,0.105263157894737
"1506","Lineas Aereas",1,20,1
"1507","Lineas Aereas de Angola",1,29,1
"1508","Lineas Aereas de Espana/Spantax SA Transportes",1,68,0.373626373626374
"1509","Lineas Aereas de los Libertadores",1,8,0.888888888888889
"1510","Lineas Aereas del Caribe",1,4,1
"1511","Lineas Aereas del Estado",1,16,1
"1512","Lineas Aereas Mineras",1,12,1
"1513","Lineas Aereas Suramericanas",1,3,0.5
"1514","Lineas Aereas Unidas",1,13,0.619047619047619
"1515","Lineas Areas del Centro",1,18,0.857142857142857
"1516","Lineas Areas Unidas",1,22,1
"1517","Lineas Areas Venezolanas",1,34,1
"1518","Linjefyg",1,31,0.720930232558139
"1519","Lion Air",1,26,0.168831168831169
"1520","Lionair",1,55,1
"1521","Lisa Jet Inc. - Air Taxi",1,3,1
"1522","Living Water Teaching Ministries Charter",1,11,0.611111111111111
"1523","Livingston Helicopter - Air Taxi",1,5,1
"1524","Lloyd Aereo Colombiano",1,37,0.725490196078431
"1525","Lloyd Aero Boliviano",1,2,1
"1526","Lockheed AC-130H Hercules",1,13,1
"1527","Loma Linda University - Air Taxi",1,4,1
"1528","Lone Star Airlines",1,3,1
"1529","Luft-Taxi Emsland",1,6,0.857142857142857
"1530","Lufthansa Cargo Airlines",1,5,1
"1531","Lufthansa Cityline",1,4,0.173913043478261
"1532","Lumbini Airways",1,18,1
"1533","Luthi Aviation - Air Taxi",1,2,1
"1534","Luxair",1,20,0.909090909090909
"1535","Mabuhay Airways",1,1,0.125
"1536","Macchi",1,13,1
"1537","Macon Horizons - Air Taxi",1,4,1
"1538","Maddux Airlines",1,16,1
"1539","Madrid Taxi Aí©reo - Charter",1,9,1
"1540","Magistralnye Avialinii",1,17,1
"1541","MajestiAir Cargo",1,2,1
"1542","MALERT",1,2,1
"1543","Malert Airlines",1,12,1
"1544","Malindi Air Services",1,2,1
"1545","Mamer - Shreck  - Air Taxi",1,3,0.75
"1546","Manacíç Tíçxi Aí©reo",1,5,1
"1547","Manchurian Air Lines",1,18,1
"1548","Mango Airlines",1,5,1
"1549","Mannin Airways",1,8,0.888888888888889
"1550","Manunggal Air",1,1,0.0526315789473684
"1551","MAP - Ministerstvo Aviatsionnoi Promyshlennosti",1,9,0.9
"1552","Marco Zero Air Taxi",1,5,1
"1553","MarkAir Commuter",1,1,1
"1554","MaRoberston-Miller Airlines",1,18,1
"1555","MaRobertson Miller Airlines",1,2,0.181818181818182
"1556","MaRobertson-Miller Airlines",1,26,1
"1557","Marsland Aviation",1,7,0.166666666666667
"1558","Maryland State Police",1,4,0.8
"1559","MATS - Manila Aero Transport System",1,7,0.291666666666667
"1560","Mavrik Aire Transport",1,1,0.333333333333333
"1561","Mayoral Executive Jet",1,1,0.5
"1562","McCoy Flying Service - Taxi",1,2,0.166666666666667
"1563","McKenzie Flying Service - Air Taxi",1,3,1
"1564","McKinley Air Service - Air Taxi",1,4,1
"1565","MD Air Services",1,6,1
"1566","Med Flight Air Ambulance - Private",1,5,1
"1567","Mercer Airlines",1,3,0.5
"1568","Mercury Aviation",1,13,1
"1569","MerriAviation - Air Taxi",1,4,1
"1570","Metro Air Systems",1,11,1
"1571","Metro Aviation",1,3,1
"1572","Metro Cargo",1,4,0.4
"1573","Metro Commuter - Air Taxi",1,5,1
"1574","Mexican Government",1,8,1
"1575","Mid Continent Airlines",1,16,0.64
"1576","Mid Island Air - Air Taxi",1,3,1
"1577","Mid PacifiAir",1,2,1
"1578","Mid-AtlantiFreight",1,1,1
"1579","Middle States Airlines",1,4,1
"1580","Midwest Express",1,31,1
"1581","Mililtary - Royal Canadian Air Force",1,7,1
"1582","Mililtary - Soviet Air Force",1,20,1
"1583","Mililtary - U.S. Navy",1,12,1
"1584","Military - Armí©e de l'Air Malgache",1,13,1
"1585","Military - Forí_a Aí©rea Brasileira",1,20,1
"1586","Military - Forí_a Aí©rea Portuguesa",1,21,0.6
"1587","Military - Force Aí©rienne Zaí¿roise",1,36,1
"1588","Military - Forces Militaires Franí_aises",1,37,1
"1589","Military - Fuerza Aí©rea Argentina",1,6,1
"1590","Military - Fuerza Aí©rea Colombiana",1,7,1
"1591","Military - Fuerza Aí©rea de Chile",1,14,1
"1592","Million Air",1,4,1
"1593","Miltiary - U.S. Airforce",1,6,1
"1594","Mimika Air",1,11,1
"1595","Mineral County Airlines",1,35,1
"1596","Minerva Airlines",1,4,0.129032258064516
"1597","Ministerstvo Obshchestvo Mashinostroyeniya",1,9,1
"1598","MMM Aero Services",1,30,1
"1599","Moldovan Aeriantur-M Air Cargo",1,34,0.971428571428571
"1600","Monarch Aviation",1,3,1
"1601","Mongolian Defense Ministry",1,15,0.681818181818182
"1602","Monmouth Airways",1,4,0.5
"1603","Monument Valle - Air Taxi",1,2,1
"1604","Moore's Air Charter",1,12,1
"1605","Morningstar Air Express",1,1,1
"1606","Morris Hancock Flying Club - Charter",1,3,1
"1607","Moskovia Airlines",1,9,1
"1608","Moyer Aviation - Air Taxi",1,4,1
"1609","Mt. McKinley Airfreight",1,4,1
"1610","Mustang Aviati",1,5,1
"1611","Mustique Airways",1,1,0.1
"1612","Nacional de Aviacion",1,18,1
"1613","Naftogaz",1,20,1
"1614","Nahanni Air Services",1,7,1
"1615","Nash and Tampo - Air Taxi",1,5,1
"1616","Naske Air",1,3,1
"1617","Nationair (chartered by Nigeria Airways)",1,261,1
"1618","National Air Operators",1,3,1
"1619","National Air Transport Services",1,13,1
"1620","National Airways",1,3,0.272727272727273
"1621","National Jet Services Inc.,  (Air Indiana)",1,29,1
"1622","National Parks Airways",1,7,1
"1623","Nationwide Air Transport",1,3,0.130434782608696
"1624","Naturelink",1,1,0.333333333333333
"1625","Navegacao Aerea Brasileira",1,11,1
"1626","Naysa Aerotaxis",1,8,0.888888888888889
"1627","NC Simpson - Taxi",1,4,1
"1628","New  York Helicopter",1,4,0.16
"1629","New England Airlines",1,8,1
"1630","New England Airways",1,3,1
"1631","New England Aviaiton",1,4,1
"1632","New Standard Airlines",1,4,1
"1633","NewCal Aviation",1,3,1
"1634","NFD - Nurnberger Flugdienst",1,21,1
"1635","NHR Tíçxi-Aí©reo",1,2,1
"1636","Nightexpress",1,2,1
"1637","Nile Delta Air Services",1,18,1
"1638","NLM (Nederlandse Luchtvaart Maatschappij)",1,17,1
"1639","Nordchurchaid",1,5,1
"1640","Nordeste Linhas Aereas",1,15,1
"1641","Norilsk Flight Company",1,15,1
"1642","Norte Jet Tíçxi Aí©reo",1,2,1
"1643","North American Sabreliner 40",1,11,1
"1644","North Bay Charter",1,10,1
"1645","North Canada Air",1,1,0.5
"1646","North Cay Air - Air Taxi",1,2,1
"1647","North Cay Airways",1,2,1
"1648","North Central Airlines",1,27,0.6
"1649","North Central Airlines / Air Wisconsin",1,13,1
"1650","North Central Airlines / Private",1,3,0.2
"1651","North Coast Aviation",1,4,1
"1652","North Continental Airlines (Robin Airlines)",1,29,1
"1653","North East Bolivian Airways",1,1,0.333333333333333
"1654","North PacifiAirlines",1,9,1
"1655","North Queensland Airways",1,5,0.555555555555556
"1656","North Sea Aerial and General Transport",1,1,1
"1657","North Sound Aviation",1,7,1
"1658","North Star Air Cargo",1,1,1
"1659","North Western Air Transport",1,13,1
"1660","Northern Air (Tanzania)",1,12,1
"1661","Northern Air Cargo",1,4,1
"1662","Northern Executive Aviation",1,2,0.4
"1663","Northern Illinois Flight Center",1,2,0.333333333333333
"1664","Northern Thunderbird Air",1,7,1
"1665","Northern Thunderbird Air Ltd.",1,12,1
"1666","Northern Wings",1,3,1
"1667","Northwest Airlines",1,154,0.993548387096774
"1668","Northwest Airlines/ Northwest Airlines",1,8,0.0404040404040404
"1669","Northwest Airlink",1,9,0.409090909090909
"1670","Northwest Airways",1,1,1
"1671","Northwest Moon - Air Taxi",1,3,1
"1672","Nuna Air",1,8,1
"1673","NY, Phil., Washington AW",1,5,1
"1674","Nyika Safaris",1,6,1
"1675","Ocean Airlines",1,1,0.0625
"1676","Oceanaire Helicopter - Air Taxi",1,4,1
"1677","Oefag Flugdienst",1,9,1
"1678","Oeste Linhas Aereas",1,6,1
"1679","Okada Air",1,4,0.0754716981132075
"1680","Okanagan Helicopters",1,13,1
"1681","OlympiAviation",1,34,1
"1682","One-Two-Go Airlines",1,90,0.692307692307692
"1683","Onzeair",1,4,1
"1684","Orcon Inc. - Air Taxi",1,2,0.666666666666667
"1685","Orient Air System and Integrated Services",1,1,0.125
"1686","Oriental Airlines",1,5,0.128205128205128
"1687","Orion - Air Taxi",1,4,1
"1688","Orlando Airways - Air Taxi",1,4,1
"1689","Ortner Air Service - Taxi",1,2,1
"1690","Overseas National Airways",1,2,0.5
"1691","Oxaero Ltd.",1,4,0.571428571428571
"1692","Ozark Air Lines",1,38,0.863636363636364
"1693","Ozark Air Lines / Private",1,2,0.0392156862745098
"1694","PacifiAir",1,2,1
"1695","PacifiAirways",1,1,1
"1696","PacifiAlaska Air Freight",1,17,1
"1697","PacifiAlaska Airlines",1,3,1
"1698","PacifiCoast Airlines",1,5,0.714285714285714
"1699","PacifiNorthern Airlines",1,14,1
"1700","PacifiOverseas Airways",1,24,1
"1701","PacifiSouthwest Airlines / Private",1,137,1
"1702","Page Airways",1,6,0.461538461538462
"1703","Pakair",1,26,1
"1704","Pakistan Airways",1,21,1
"1705","Palair Macedonian",1,83,0.855670103092783
"1706","Pan African Airlines",1,57,1
"1707","Pan American Airways (Scadta)",1,5,0.833333333333333
"1708","Pan American World Airways / KLM",1,583,0.90527950310559
"1709","Pan ArctiOil",1,32,0.941176470588235
"1710","Pan International",1,22,0.181818181818182
"1711","Pan Malaysian Air Transport",1,16,1
"1712","Panair do Brazil",1,15,0.142857142857143
"1713","Panorama Air Tour",1,8,1
"1714","Papillon Grand Canyon Helicopters of Las Vegas",1,6,0.857142857142857
"1715","Paradise Air",1,9,1
"1716","Paradise Airlines",1,85,1
"1717","Paradise Tour Helicopters",1,4,1
"1718","Paraense Transportes Aereos",1,38,0.95
"1719","Paramount Airlilnes",1,21,0.954545454545455
"1720","Parsa",1,10,1
"1721","Partnair",1,55,1
"1722","Patagonia Airlines",1,10,1
"1723","Pathet Lao Airlines",1,18,1
"1724","Patuxent Airways / Private",1,11,1
"1725","Paukn Air",1,38,1
"1726","Paul Kelly Flying Service Inc.",1,8,1
"1727","Pavair",1,2,1
"1728","Pel Air",1,2,1
"1729","PENAS",1,6,0.666666666666667
"1730","Peninsula Air Services",1,6,1
"1731","Peninsular",1,28,0.378378378378378
"1732","Penninsula Airways - Air Taxi",1,4,1
"1733","Pennsylvania Airlines",1,1,0.0333333333333333
"1734","Perimeter Airlines",1,2,0.666666666666667
"1735","Permaviatrans",1,24,1
"1736","Perris Valley Aviation",1,16,0.727272727272727
"1737","Petroleum Helicopters Inc",1,8,0.888888888888889
"1738","Petrolium Helicopter",1,11,1
"1739","Petrolium Helo Inc.",1,5,1
"1740","Petroproduccií_n",1,26,1
"1741","PHI Air Medical",1,4,1
"1742","Philippine Air Express",1,5,1
"1743","Phillips Flying Service - Air Taxi",1,4,1
"1744","Phoenix Air",1,2,1
"1745","Phoenix Airlines",1,2,0.5
"1746","Phoenix Aviation",1,5,1
"1747","Pickwick Airways",1,1,0.5
"1748","Pinnacle Airlines/Northwest Airlink",1,2,1
"1749","Plane Sailing",1,4,0.222222222222222
"1750","Planemasters",1,1,1
"1751","PMT Air",1,22,1
"1752","Points North Air Services",1,2,1
"1753","Portsmouth Aviation - Air Taxi",1,2,0.5
"1754","President Airlines",1,83,1
"1755","Presidental Airways Inc. - Air Taxi",1,6,1
"1756","Prestige Airlines (Cargo) Charter",1,25,0.925925925925926
"1757","Price Aircraft Company",1,6,1
"1758","Prior Aviatoin - Air Taxi",1,3,1
"1759","Priority Air - Air Taxi",1,3,1
"1760","Priorty Air Charter",1,1,1
"1761","Private  - Daewoo Shipbuilding",1,8,0.666666666666667
"1762","Private - Air Taxi",1,2,0.4
"1763","Private - Ashland Oil Company",1,13,1
"1764","Private - Boeing Aircraft Company",1,10,1
"1765","Private - Corporate",1,8,1
"1766","Private - de Havilland Aircraft",1,1,1
"1767","Private - Facilities Management Co.",1,9,1
"1768","Private - Hendrick Motorsports Inc.",1,10,1
"1769","Private - Kabanov - skydiving",1,11,0.44
"1770","Private - Mainline Aviation",1,4,1
"1771","Private - Omniflight Helicopters",1,5,1
"1772","Private - OverteCompany",1,13,1
"1773","Private - Parajump air show",1,11,0.916666666666667
"1774","Private - Purdue Reasearch Foundation",1,2,1
"1775","Private - Techint  group",1,10,1
"1776","Private - WNBC",1,2,1
"1777","Private air taxi",1,4,1
"1778","Private KNBC Los Angeles",1,2,1
"1779","Private Wings",1,10,1
"1780","Procuradoria General de la Republica",1,7,1
"1781","Procuradurí_a General de la Repí_blica",1,5,0.294117647058824
"1782","Procurator Generale de la Republica",1,10,1
"1783","Professional Aviation Services",1,3,0.176470588235294
"1784","Propair",1,11,1
"1785","Prospec",1,3,1
"1786","Proteus Air / Private",1,15,1
"1787","Provincial Air Services",1,4,1
"1788","Provincial Airlines",1,1,0.5
"1789","PT Air Regional",1,4,0.25
"1790","Ptarmigan Airways",1,2,1
"1791","Pudget Sound Air - Air Taxi",1,10,1
"1792","Pulkovo Airlines",1,170,1
"1793","Pulkovo Aviation Enterprise",1,14,0.875
"1794","Purdue Airlines Inc.",1,1,0.037037037037037
"1795","Quakertown Aviation - Air Taxi",1,4,1
"1796","Queen Airmotive - Air Taxi",1,4,1
"1797","Rí©seau Aí©rien Interinsulaire",1,15,1
"1798","Radeair",1,8,0.888888888888889
"1799","RAM",1,3,1
"1800","Rambar Aviation - Air Taxi",1,4,1
"1801","Ray A. Gardner - Taxi",1,3,1
"1802","Raytheon Aircraft",1,3,1
"1803","RCMP-GRC Air Services",1,2,1
"1804","Reali Taxi Aereo",1,2,1
"1805","Red Aircraft Service - Air Taxi",1,4,1
"1806","Red Bank Air Taxi",1,9,1
"1807","Red Carpet Flying Service - Air Taxi",1,4,1
"1808","Reed Aviation - Air Taxi",1,5,1
"1809","Reeder Flying Service",1,5,0.185185185185185
"1810","Reeve Aleutian Airlines",1,16,1
"1811","Regency Express Air",1,2,1
"1812","Regional Airlines",1,28,0.538461538461538
"1813","Regional Compagnie Aerienne Europeenne",1,0,0
"1814","Regionnair",1,1,0.25
"1815","Renan Airways",1,5,1
"1816","RepubliAirlines",1,1,0.0303030303030303
"1817","Resort Air Service - Air Taxi",1,2,1
"1818","Resort Airlines",1,25,0.609756097560976
"1819","Revilla Flying Service - Air Taxi",1,5,1
"1820","Reynolds Airways",1,7,0.583333333333333
"1821","Rhoadgs Aviation - Air Taxi",1,2,1
"1822","Richland Aviation  - Taxi",1,6,1
"1823","Richland Flying Service - Air Taxii",1,3,0.75
"1824","Richmor Aviation",1,2,1
"1825","Rico Linhas Aereas",1,33,1
"1826","Rico Taxi Aí©reo",1,23,0.741935483870968
"1827","Rico Taxi Aero",1,8,0.5
"1828","Rijnmond Air Services",1,10,1
"1829","Rimouski Airlines",1,26,1
"1830","Rinaldo Piaggio",1,6,1
"1831","Riverside Air",1,5,1
"1832","Roadrunner Airlines",1,5,1
"1833","Robinson Airlines",1,16,0.695652173913043
"1834","Rocky Mountain Airways",1,2,0.0909090909090909
"1835","Romanian Banat Air",1,49,1
"1836","Ross Aviation - Air Taxi",1,9,1
"1837","Rotor Airs In- Air Taxi",1,6,0.857142857142857
"1838","Rotorcraft Leasing Co",1,3,1
"1839","Rousseau Aviaiton",1,31,1
"1840","Royal American - Air Taxi",1,2,1
"1841","RRC Air Service",1,16,1
"1842","Rubner Flying Service",1,2,0.666666666666667
"1843","Ruiban & Duran Compania Aí©rea",1,4,0.4
"1844","Russ Air Transport Company",1,10,1
"1845","Rusts Flying Service Inc.",1,5,1
"1846","Rutaca",1,10,1
"1847","Rutaca Airlines",1,24,1
"1848","Rutas Aí©reas Nacionales SA",1,3,1
"1849","Rutas Internacionales Peruanes",1,7,1
"1850","Rwanda Government",1,12,1
"1851","Ryan Blake Air Charter",1,14,1
"1852","Ryan International Airlines",1,2,1
"1853","SA Amazonica",1,6,0.2
"1854","Sabeni",1,2,1
"1855","SADELCA",1,14,1
"1856","Sadia",1,21,0.84
"1857","SAESA",1,23,1
"1858","Safe Air Cargo",1,4,1
"1859","Safe Air Complany",1,3,1
"1860","Safeway Airways",1,4,1
"1861","Sahara",1,4,1
"1862","Saint Lawrence Airways",1,6,1
"1863","Salida Flying Service - Air Taxi",1,6,1
"1864","Salmon Air - Air Taxi",1,2,1
"1865","SAMSA",1,25,0.543478260869565
"1866","SAN Ecuador",1,8,0.08
"1867","San Juan Air",1,1,1
"1868","Sankuru Air Service",1,5,0.555555555555556
"1869","Santa Barbara Airlines",1,46,1
"1870","Sarit Airlines",1,4,1
"1871","Saskatchewan Government Northern Air Operations",1,1,0.333333333333333
"1872","Saudi Arabian Airlines / Kazastan Airlines",1,349,1
"1873","Saudi Arabian Royal Flight",1,18,1
"1874","Savannair",1,14,1
"1875","SAVIARE S.A. - Air Taxi",1,6,1
"1876","Scandinavian Airlines (SAS) / Private",1,114,1
"1877","Scanex Air",1,10,1
"1878","SceniAir Lines",1,10,1
"1879","SceniAirline - Air Taxi",1,2,1
"1880","Sea Airmotive",1,3,1
"1881","Seattle Air Charter",1,14,0.466666666666667
"1882","Seaview Aviation",1,9,1
"1883","SeaWind Aviation",1,6,0.6
"1884","Security Air",1,7,1
"1885","SELVA Colombia",1,3,0.375
"1886","Selva Taxi Aero",1,5,0.208333333333333
"1887","SEMAF",1,12,1
"1888","Sempati Air",1,30,0.6
"1889","Senegalair",1,6,0.6
"1890","Servant Air",1,6,0.6
"1891","Servicio Aí©reo Panini",1,5,0.555555555555556
"1892","Servicio Aereo Columbiano / SCADTA",1,17,0.85
"1893","Servicio Aereo Manchupo",1,6,1
"1894","Servicio Expresso Nacional",1,9,1
"1895","Servicios Aí©reos Boliviano",1,4,1
"1896","Servicios Aí©reos Cochabamba",1,4,1
"1897","Servicios Aí©reos Especiales",1,26,1
"1898","Servicios Aereas Virgen de Copacabana",1,1,0.125
"1899","Servicios Aereos Martinez Leon",1,13,1
"1900","Servicios Aereos Nacionales",1,24,1
"1901","Servicios Aereos Nacionales Airways",1,33,1
"1902","Servicios Aereos Santa Ana",1,10,1
"1903","Servicios Aeronauticos Sucre (SASCA)",1,1,0.0625
"1904","Servicios Americanos",1,2,1
"1905","Seventy Airways - Air Taxi",1,3,1
"1906","SFC Vietnam - Charter - Full Account",1,16,1
"1907","Shanair Inc. - Air Taxi",1,2,0.666666666666667
"1908","Shangri La Air",1,18,1
"1909","Shanxi Airlines",1,42,0.91304347826087
"1910","Shell Co of Ecuador",1,34,1
"1911","Shelter Cove Sea Park",1,17,0.708333333333333
"1912","Si Fly - U.N. charter",1,24,1
"1913","Siamese Airways",1,16,1
"1914","Sibir (S7)",1,128,0.630541871921182
"1915","Sierra PacifiAirlines",1,36,1
"1916","SilkAir",1,104,1
"1917","Silver City Airways",1,35,0.833333333333333
"1918","Simmons Airlines",1,3,0.333333333333333
"1919","Simpson Air Service - Air Taxi",1,9,1
"1920","Sinquanon Management - Air Taxi",1,2,0.666666666666667
"1921","Skagway Air Service - Air Taxi",1,6,1
"1922","Skips Air Service - Air Taxi",1,3,1
"1923","Sky Cabs",1,6,0.75
"1924","Sky Chopper  - Air Taxi",1,2,1
"1925","Sky Executive Air Services",1,5,1
"1926","Sky Haven - Air Taxi",1,2,1
"1927","Sky Train Air",1,3,1
"1928","Skycraft Air Transport",1,1,0.5
"1929","Skydive Salt Lake - Charter",1,9,1
"1930","Skyline Aviation - Air Taxi",1,4,1
"1931","Skyline Sweden",1,22,1
"1932","Skyline Transportation Company",1,1,1
"1933","Skylink Airlines",1,7,1
"1934","Skystream Airlines",1,2,1
"1935","Skyvan Airways",1,1,0.5
"1936","Skyward Aviation",1,2,1
"1937","Skyway Air  - Taxi",1,2,1
"1938","Skyways",1,3,1
"1939","Skywest Airlines / Private.",1,10,1
"1940","Skyworld Airlines (Ports of Call Inc.)",1,1,0.00740740740740741
"1941","SL Aviation Services",1,2,1
"1942","Slick Airways - Cargo",1,3,1
"1943","Smithers Air Service",1,3,0.75
"1944","Smyer Aircraft - Air Taxi",1,2,1
"1945","Snow Valley Ski Lines",1,1,0.0333333333333333
"1946","Soc. de Tr. Aí©riens d'ExtríÈme Orient",1,4,1
"1947","Socií©tí© Aí©rienne de Tr. Tropicaux",1,17,0.80952380952381
"1948","Socií©tí© Auxiliare de Navigation Aí©rienne",1,2,1
"1949","Socií©tí© de Transports Aí©riens",1,4,1
"1950","Sociedade de Aviacao Ligeira Charter",1,16,0.941176470588235
"1951","Societíæ Aerea Teseo",1,7,0.7
"1952","Societa Aerea Mediterranea",1,5,1
"1953","Societe Aerienne du Littoral",1,41,0.953488372093023
"1954","Societe Alpes Provence",1,39,1
"1955","Societe France Hydro",1,16,1
"1956","Societe Indochinoise de Raviteillement",1,16,0.695652173913043
"1957","Societe Indochinoise de Transport Aeriens",1,4,1
"1958","Societe Transatlantique Aerienne",1,14,1
"1959","Socotra",1,1,0.0416666666666667
"1960","Soldotna Air Services",1,7,1
"1961","SoniBlue Airways",1,3,0.375
"1962","Sosoliso Airlines",1,108,0.990825688073395
"1963","Soundsair",1,5,0.833333333333333
"1964","South Central Airlines",1,10,1
"1965","Southeast Airlines",1,10,1
"1966","Southeast Sky - Air Taxi",1,4,1
"1967","Southeast Skyways - Air Taxi",1,3,1
"1968","Southern Air Transport",1,3,1
"1969","Southern Cross Airways",1,5,1
"1970","Southern Express",1,1,0.5
"1971","Southern Jersey Air - Air Taxi",1,3,1
"1972","Southern Sudan Air Connection",1,24,1
"1973","Southwest Airlift",1,2,1
"1974","Southwest Airways",1,22,1
"1975","Southwest Aviation - Air Taxi",1,4,1
"1976","Southwest Medivac",1,5,1
"1977","Sowind Air",1,4,0.235294117647059
"1978","Spair Air Transport",1,12,1
"1979","Spanair",1,154,0.895348837209302
"1980","Spanish Air Force",1,11,1
"1981","Spartan Air Services",1,2,0.666666666666667
"1982","Speed Service Couriers",1,1,0.5
"1983","Spencer Airways / Ceskoslovenske Aerolinie",1,12,0.521739130434783
"1984","Spernak Airway - Air Taxi",1,4,1
"1985","Spernak Airways - Air Taxi",1,4,1
"1986","STAAP",1,9,1
"1987","Staer Air",1,27,1
"1988","Standard Airlines",1,35,0.729166666666667
"1989","STAP",1,10,0.526315789473684
"1990","Star Aviation",1,9,1
"1991","Starair",1,2,1
"1992","Starways",1,1,0.333333333333333
"1993","STASA",1,1,0.333333333333333
"1994","State Airlines",1,6,1
"1995","Stavropol Airlines",1,50,1
"1996","Stikine Air Service - Air Taxi",1,2,0.4
"1997","Strait Air",1,1,1
"1998","Straits Air Freight Express",1,4,1
"1999","Straley Flying Service - Air Taxi",1,2,1
"2000","Strato Freight",1,53,0.654320987654321
"2001","Stratofreight",1,3,1
"2002","Streamline",1,1,0.5
"2003","Suburban Airlines - Air Taxi",1,4,1
"2004","Sudania Air Cargo",1,10,1
"2005","SUDENE",1,12,1
"2006","Summit Air Charters",1,3,1
"2007","Sun Valley Airways - Air Taxi",1,4,1
"2008","Sun West Airline - Air Taxi",1,4,0.666666666666667
"2009","Sunbeam Air Transport Co.",1,5,1
"2010","Sundance Helicopters",1,7,1
"2011","Sunflower Airlines",1,11,0.785714285714286
"2012","SunQuest Executive Air Charter",1,2,1
"2013","Superior Airways",1,3,1
"2014","Superior Aviation",1,1,1
"2015","Surinam Airways",1,176,0.941176470588235
"2016","Survair",1,4,0.4
"2017","Svedijos Prekí©s",1,3,1
"2018","Svenska Aero",1,10,1
"2019","SW Air Rangers - Air Taxi",1,3,1
"2020","Swedish Air Force",1,8,1
"2021","Swifair",1,2,1
"2022","Swift Aire Lines Inc.",1,3,0.428571428571429
"2023","Syktyvkar Avia",1,15,0.9375
"2024","Syrian Arab Airlines",1,1,0.0526315789473684
"2025","T & G Aviation",1,5,1
"2026","T.A. Intercontinentaux",1,46,0.821428571428571
"2027","T.A. Intercontinentaux (France)",1,53,0.815384615384615
"2028","TAA",1,3,0.375
"2029","TABSO",1,18,1
"2030","TAC Colombia",1,19,1
"2031","TACA International Airlines",1,3,0.0220588235294118
"2032","TACSA",1,9,0.818181818181818
"2033","TACV-Cabo Verde Airlines",1,18,1
"2034","Tadair",1,2,1
"2035","TAG Airlines",1,9,1
"2036","Taiwan Aviation",1,18,1
"2037","Talia Airways",1,15,1
"2038","TAM (Peru)",1,22,0.846153846153846
"2039","TAM Paraguay",1,1,0.037037037037037
"2040","Tamair",1,2,0.666666666666667
"2041","TAME Ecuador",1,7,1
"2042","Tampa Air Center - Air Taxi",1,3,1
"2043","TAMPA Colombia",1,3,1
"2044","TAN Honduras",1,3,1
"2045","TanaMana Aviation",1,4,0.363636363636364
"2046","Tanana Air Taxi",1,2,0.4
"2047","TANS Airlines",1,46,1
"2048","TANS Peru",1,40,0.408163265306122
"2049","Tanzania Aviation",1,10,1
"2050","Taos Airways - Air Taxi",1,3,1
"2051","TAP (Air Portugal)",1,131,0.798780487804878
"2052","Taquan Air Service",1,5,1
"2053","TAR",1,4,1
"2054","Tar Heel Aviation",1,2,1
"2055","TARS",1,13,0.5
"2056","Tartarstan Airlines",1,41,1
"2057","Tashkent Aircraft Production Corporation",1,5,0.714285714285714
"2058","TASSA",1,1,0.0357142857142857
"2059","Tassili Airlines",1,1,0.2
"2060","TAUSA",1,12,1
"2061","Taxair",1,8,1
"2062","Taxi Aí©reo Cesar Aguiar",1,8,1
"2063","Taxi Aí©reo del Guaviare",1,7,1
"2064","Taxi Aí©reo el Venado",1,2,0.166666666666667
"2065","Taxi Aí©reo Kovacs",1,9,1
"2066","Taxi Aereo de Santander",1,28,1
"2067","Taxi Aereo El Venado",1,3,1
"2068","Taxval",1,1,1
"2069","Team Air",1,19,1
"2070","Tech - Aeronautical Explotiation",1,22,1
"2071","Temesco Helicopter - Air Taxi",1,3,1
"2072","Temsco Airlines",1,4,1
"2073","Temsco Helicopter - Air Taxi",1,3,0.75
"2074","Tepper Aviation",1,5,1
"2075","Terry Air Inc.",1,3,1
"2076","Texas International Airlines",1,11,1
"2077","Thai International",1,24,0.3
"2078","Theif River Aviation - Air Taxi",1,4,1
"2079","Tierra del Fuego Province",1,12,1
"2080","Tiramavia",1,1,0.1
"2081","Titan Airways",1,2,1
"2082","TMK Air Commuter",1,22,1
"2083","Toa DomestiAirline (Japan)",1,68,1
"2084","Tomahawk Airways",1,6,0.666666666666667
"2085","Top Air - Air Taxi",1,4,1
"2086","Total",1,8,1
"2087","Total  Air Lines",1,2,1
"2088","Touraine Air Transport",1,8,1
"2089","TPI International Airways",1,3,1
"2090","Tracep",1,17,1
"2091","Trade Wings Aviation Ltd.",1,3,1
"2092","Trafik-Turist-Transportflyg",1,20,0.8
"2093","Trans Air Services",1,3,0.09375
"2094","Trans Alaska Helicopter - Air Taxi",1,2,1
"2095","Trans Canada Air Lines / RCAF",1,36,1
"2096","Trans Caribbean Airways",1,2,0.0363636363636364
"2097","Trans Colorado AL / Continental Express",1,9,0.529411764705882
"2098","Trans International Airlines",1,11,1
"2099","Trans Isle Air",1,1,0.0769230769230769
"2100","Trans Luxury Airlines",1,2,0.08
"2101","Trans National Airlines",1,3,1
"2102","Trans World Airlines / Castleton Inc.",1,15,1
"2103","Trans World Airlines / Eastern Air Lines",1,4,0.0357142857142857
"2104","Trans-Canada Air Lines",1,5,1
"2105","Trans-Luxury Airlines",1,21,0.954545454545455
"2106","Transafrik - United Nations Charter",1,9,1
"2107","Transair",1,32,1
"2108","Transamazonica",1,4,0.444444444444444
"2109","Transamerican Air Transport",1,10,1
"2110","Transamerican Airlines",1,1,1
"2111","Transaven",1,18,1
"2112","Transaviaexport Airlines",1,11,1
"2113","Transcontinental",1,24,0.685714285714286
"2114","Transfair",1,2,1
"2115","Transmandu",1,1,0.5
"2116","Transmeridian Air Cargo",1,4,1
"2117","Transniugini Airways",1,2,1
"2118","Transoriente Colombia",1,7,0.241379310344828
"2119","Transpolar",1,5,1
"2120","Transport Aerien Intercontinentaux (France)",1,52,0.8125
"2121","Transport Arien Transregional",1,23,1
"2122","Transport Comp. Algerienne de T.A.",1,9,1
"2123","Transporte Aereo Federal",1,20,1
"2124","Transported Areos Profesionales - TAPSA",1,16,1
"2125","Transportes Aí©reos de Timor",1,9,1
"2126","Transportes Aí©reos Itenez",1,6,1
"2127","Transportes Aí©reos Salvador",1,14,1
"2128","Transportes Aereos del Caribe",1,70,1
"2129","Transportes Aereos Don Carlos - Charter",1,10,1
"2130","Transportes Aereos Mexicanos",1,3,1
"2131","Transportes Aereos Nacionales",1,19,1
"2132","Transportes Aereos Orientales",1,3,0.214285714285714
"2133","Transportes Aereos Pegaso",1,14,1
"2134","Transportes Aereos Peruanas",1,12,1
"2135","Transportes Areos Nacionales",1,24,1
"2136","Transportno Aviatsionno Bulgaro-Soviet Obshchestvo",1,82,1
"2137","Transports Aí©riens de la Guinee-Bissau",1,3,1
"2138","Transporturile Aeriene Romane (TAROM)",1,60,1
"2139","Transporturile Aeriene Romano-Sovietice",1,3,1
"2140","Transworld Safaris",1,3,1
"2141","Travel Air Flug",1,2,0.5
"2142","TriCoastal Air",1,1,1
"2143","Trillium Air",1,1,0.333333333333333
"2144","TropiAir - Air Taxi",1,8,1
"2145","Tropical Airways",1,21,1
"2146","TsAGI",1,13,0.684210526315789
"2147","Tulakes Aviaiton - Air Taxi",1,2,0.333333333333333
"2148","Tuninter",1,16,0.41025641025641
"2149","Tura Air Enterprise",1,9,1
"2150","Turkish Airlines",1,9,0.0671641791044776
"2151","Two Taxi Aero",1,2,1
"2152","Tyee Airlines - Air Taxi",1,5,1
"2153","Tyumen Aviatrans",1,5,0.147058823529412
"2154","U. S. Air Force",1,19,1
"2155","U.S. Government (leased)",1,2,0.125
"2156","U.S. Overseas Airways",1,2,0.666666666666667
"2157","Uganda Airlines",1,33,0.634615384615385
"2158","Ukraine Aviation Transport Company",1,10,1
"2159","Ukrainian Cargo Airlines -  Congolese Army Charter",1,129,0.645
"2160","Ukranian-Mediterranean Airlines",1,75,1
"2161","Ukvozduchput",1,1,1
"2162","Uni Air",1,1,0.0104166666666667
"2163","Union Aí©romaritime de Transport",1,3,1
"2164","Union des Transports Aeriens de Guinee",1,140,0.869565217391304
"2165","Union Flights",1,1,1
"2166","United Air Services",1,3,0.75
"2167","United Airways of New Zealand",1,2,1
"2168","United Express",1,6,1
"2169","United Express  / Private",1,14,1
"2170","United Nations -  UTair Charter",1,24,1
"2171","United Nations Mission",1,10,1
"2172","United Nations Organization",1,16,1
"2173","Universal Airways",1,8,1
"2174","University of Michigan Health System",1,6,1
"2175","Uralex",1,3,0.0909090909090909
"2176","Urcupina",1,7,1
"2177","Uruguayan Air Force - TAMU",1,29,0.644444444444444
"2178","US Air Express/Air Midwest",1,21,1
"2179","US Airlines",1,2,1
"2180","US Airways",1,0,0
"2181","US Airways Express",1,2,1
"2182","USA Jet Airlines",1,1,0.5
"2183","USAir / Skywest Airlilnes",1,34,0.343434343434343
"2184","UTAir Airlines",1,6,0.105263157894737
"2185","Utility Helocopter - Air Taxi",1,5,1
"2186","Uzbek Civil Aviation Administration",1,34,0.53968253968254
"2187","Uzu Air",1,3,0.75
"2188","Valley Air Service",1,10,1
"2189","Valley Air Service - Air Taxi",1,6,1
"2190","Varney Airlines",1,3,1
"2191","VASP / Private",1,26,1
"2192","Vehu Akat",1,16,1
"2193","Venezolana",1,3,0.142857142857143
"2194","Venezolana Internacional de Aviacion",1,84,1
"2195","Venezuelian Government",1,7,1
"2196","Vercoa Air Service - Air Taxi",1,2,1
"2197","Viaí_ao Cometa",1,2,1
"2198","Viacao Aerea Gaucha S.A.",1,12,1
"2199","VIARCO",1,9,1
"2200","Vickers",1,3,1
"2201","Victoria Airlines",1,4,0.363636363636364
"2202","Viking Air Service - Air Taxi",1,3,1
"2203","Viking Air Transport",1,27,1
"2204","Viking Airways - Air Taxi",1,2,1
"2205","Village Airways",1,4,1
"2206","Village Aviation - Air Taxi",1,2,0.285714285714286
"2207","Vincent Aviation",1,5,0.5
"2208","Virgin Islands Airways",1,8,0.666666666666667
"2209","Vladivostokavia",1,145,1
"2210","Vnokovo Airlines",1,141,1
"2211","Vnukovo Airlines",1,3,0.0172413793103448
"2212","Volare Aviation Enterprise",1,8,1
"2213","Volga Air",1,12,1
"2214","Volga-Avia Express",1,41,1
"2215","Volga-Dnepr Airlines",1,8,1
"2216","Vologodskiye Airlines",1,9,1
"2217","Vostok Aviakompania",1,16,1
"2218","VOTEC / VOTEC",1,19,0.542857142857143
"2219","Walker - Watts Aviation - Air Taxi",1,4,1
"2220","Warsaw Aviation - Taxi",1,6,1
"2221","Wasa Wings",1,6,0.5
"2222","Wasaya Airways",1,8,1
"2223","Wayumi Air Taxi",1,4,1
"2224","Weasua Airtransport",1,2,0.2
"2225","Webber Air - Air Taxi",1,12,1
"2226","Webber Airlines -Air Taxi",1,5,0.625
"2227","Webstas Aviation Services Inc.",1,3,1
"2228","Wedell-Williams Air Service Corporation",1,2,1
"2229","Wehite Cap Aviation",1,6,1
"2230","Wein Alaska Airlines Inc.",1,2,1
"2231","Wenela Air Services",1,78,0.928571428571429
"2232","West African Airways",1,13,1
"2233","West Air",1,1,1
"2234","West Australian Airways",1,3,1
"2235","West Aviation",1,3,0.3
"2236","West Coast Air",1,2,0.125
"2237","Westair Transport",1,28,0.430769230769231
"2238","Western Helicopter",1,0,0
"2239","Western Straits Air",1,8,0.8
"2240","Westwing",1,5,0.833333333333333
"2241","Wheeler Airlines",1,5,1
"2242","Whyalla Airlines",1,8,1
"2243","Wicks Flying Service - Air Taxi",1,4,1
"2244","Wien Air Alaska",1,10,0.3125
"2245","Wien Alaska Airlines",1,5,0.833333333333333
"2246","Wigmo",1,45,1
"2247","Willow Air Service - Air Taxi",1,3,1
"2248","Wilson Airways",1,3,1
"2249","Wimbi Dira Airways",1,2,0.02
"2250","Win Win Aviation",1,1,0.333333333333333
"2251","Winchester Air",1,5,1
"2252","Winged Cargo Inc.",1,7,1
"2253","Wings West Airlines / Private",1,17,1
"2254","Winship Air",1,6,1
"2255","Winship Air Service",1,6,1
"2256","Winship Air Service - Air Taxi",1,2,0.4
"2257","Wrangell Air Service",1,1,0.1
"2258","Wright Air Service - Air Taxi",1,3,1
"2259","Wyman Pilot Service - Air Taxi",1,2,1
"2260","Wyoming Air Service",1,1,1
"2261","XL Airways leased from Air New Zealand",1,7,1
"2262","Yacimientos Petroliferos Fiscales",1,34,1
"2263","Yates Aviation",1,1,1
"2264","YPF",1,7,1
"2265","YPFB Transportes Aereos",1,14,0.875
"2266","Yug Avia",1,4,0.8
"2267","Zakavia",1,5,1
"2268","Zanex",1,1,0.1
"2269","Zantop Airways",1,2,1
"2270","Zantop International Airlines",1,4,1
"2271","Zen Nippon",1,2,1
